Workbook

Sheet Global_Players
A1: Player_ID | B1: Leaderboard_Rank | C1: Deployments | D1: Vehicle_Time_Hour | E1: Mixed_Time_Hour | F1: Infantry_Time_Hour | G1: Battle_Royale_Hour | H1: Map_Tendency | I1: Assault_Time_Hour | J1: Engineer_Time_Hour | K1: Recon_Time_Hour | L1: Support_Time_Hour | M1: Total_Time_Hour | N1: Primary_Class | O1: Dominant-Class | P1: Dominance Percentage | Q1: Snapshot_Date
A2: Stann83cz | B2: {=_xlfn.SEQUENCE(1000,1,7,10)} -> 7 | C2: 42845 | D2: =SUM(Global_Player_Modes!C2:D2) -> 224 | E2: =SUM(Global_Player_Modes!E2:F2) -> 105.5 | F2: =SUM(Global_Player_Modes!G2:M2) -> 325.5 | G2: =SUM(Global_Player_Modes!N2:O2) -> 11 | H2: =IF(SUM(D2:G2)=0,"",IF(G2/SUM(D2:G2)>=0.5,"Battle Royale",IF(F2/SUM(D2:F2)>=0.6,"Infantry-Heavy",IF((D2+0.7*E2)/SUM(D2:F2)>=0.65,"Vehicle-Heavy","Mixed")))) -> Mixed | I2: 290 | J2: 42 | K2: 150 | L2: 65 | M2: =SUM(I2:L2) -> 547 | N2: {=_xlfn.LET(_xlpm.total,SUM(I2:L2),_xlpm.maxv,MAX(I2:L2),IF(_xlpm.total=0,"",IF(_xlpm.maxv/_xlpm.total<0.45,"Mixed-Class",_xlfn.IFS(_xlpm.maxv=I2,"Assault",_xlpm.maxv=J2,"Engineer",_xlpm.maxv=K2,"Recon",_xlpm.maxv=L2,"Support"))))} -> Assault | O2: =_xlfn.LET(_xlpm.total,SUM(I2:L2),IF(_xlpm.total=0,"",MAX(I2:L2)/_xlpm.total>=0.45)) -> TRUE | P2: =_xlfn.LET(_xlpm.total,SUM(I2:L2),IF(_xlpm.total=0,"",MAX(I2:L2)/_xlpm.total)) -> 0.53016453 | Q2: 46046
A3: Sir Jekyll | B3: 17 | C3: 38077 | D3: =SUM(Global_Player_Modes!C3:D3) -> 349 | E3: =SUM(Global_Player_Modes!E3:F3) -> 106.5 | F3: =SUM(Global_Player_Modes!G3:M3) -> 101.5 | G3: =SUM(Global_Player_Modes!N3:O3) -> 124 | H3: =IF(SUM(D3:G3)=0,"",IF(G3/SUM(D3:G3)>=0.5,"Battle Royale",IF(F3/SUM(D3:F3)>=0.6,"Infantry-Heavy",IF((D3+0.7*E3)/SUM(D3:F3)>=0.65,"Vehicle-Heavy","Mixed")))) -> Vehicle-Heavy | I3: 176 | J3: 216 | K3: 66 | L3: 130 | M3: =SUM(I3:L3) -> 588 | N3: {=_xlfn.LET(_xlpm.total,SUM(I3:L3),_xlpm.maxv,MAX(I3:L3),IF(_xlpm.total=0,"",IF(_xlpm.maxv/_xlpm.total<0.45,"Mixed-Class",_xlfn.IFS(_xlpm.maxv=I3,"Assault",_xlpm.maxv=J3,"Engineer",_xlpm.maxv=K3,"Recon",_xlpm.maxv=L3,"Support"))))} -> Mixed-Class | O3: =_xlfn.LET(_xlpm.total,SUM(I3:L3),IF(_xlpm.total=0,"",MAX(I3:L3)/_xlpm.total>=0.45)) -> FALSE | P3: =_xlfn.LET(_xlpm.total,SUM(I3:L3),IF(_xlpm.total=0,"",MAX(I3:L3)/_xlpm.total)) -> 0.36734694 | Q3: 46046
A4: elkikisk | B4: 27 | C4: 36961 | D4: =SUM(Global_Player_Modes!C4:D4) -> 801 | E4: =SUM(Global_Player_Modes!E4:F4) -> 122 | F4: =SUM(Global_Player_Modes!G4:M4) -> 14 | G4: =SUM(Global_Player_Modes!N4:O4) -> 0.35 | H4: =IF(SUM(D4:G4)=0,"",IF(G4/SUM(D4:G4)>=0.5,"Battle Royale",IF(F4/SUM(D4:F4)>=0.6,"Infantry-Heavy",IF((D4+0.7*E4)/SUM(D4:F4)>=0.65,"Vehicle-Heavy","Mixed")))) -> Vehicle-Heavy | I4: 326 | J4: 196 | K4: 41 | L4: 223 | M4: =SUM(I4:L4) -> 786 | N4: {=_xlfn.LET(_xlpm.total,SUM(I4:L4),_xlpm.maxv,MAX(I4:L4),IF(_xlpm.total=0,"",IF(_xlpm.maxv/_xlpm.total<0.45,"Mixed-Class",_xlfn.IFS(_xlpm.maxv=I4,"Assault",_xlpm.maxv=J4,"Engineer",_xlpm.maxv=K4,"Recon",_xlpm.maxv=L4,"Support"))))} -> Mixed-Class | O4: =_xlfn.LET(_xlpm.total,SUM(I4:L4),IF(_xlpm.total=0,"",MAX(I4:L4)/_xlpm.total>=0.45)) -> FALSE | P4: =_xlfn.LET(_xlpm.total,SUM(I4:L4),IF(_xlpm.total=0,"",MAX(I4:L4)/_xlpm.total)) -> 0.41475827 | Q4: 46048
A5: HSBxEWIKKED | B5: 37 | C5: 35380 | D5: =SUM(Global_Player_Modes!C5:D5) -> 100.25 | E5: =SUM(Global_Player_Modes!E5:F5) -> 93 | F5: =SUM(Global_Player_Modes!G5:M5) -> 601 | G5: =SUM(Global_Player_Modes!N5:O5) -> 115 | H5: =IF(SUM(D5:G5)=0,"",IF(G5/SUM(D5:G5)>=0.5,"Battle Royale",IF(F5/SUM(D5:F5)>=0.6,"Infantry-Heavy",IF((D5+0.7*E5)/SUM(D5:F5)>=0.65,"Vehicle-Heavy","Mixed")))) -> Infantry-Heavy | I5: 1 | J5: 8 | K5: 105 | L5: 671 | M5: =SUM(I5:L5) -> 785 | N5: {=_xlfn.LET(_xlpm.total,SUM(I5:L5),_xlpm.maxv,MAX(I5:L5),IF(_xlpm.total=0,"",IF(_xlpm.maxv/_xlpm.total<0.5,"Mixed-Class",_xlfn.IFS(_xlpm.maxv=I5,"Assault",_xlpm.maxv=J5,"Engineer",_xlpm.maxv=K5,"Recon",_xlpm.maxv=L5,"Support"))))} -> Support | O5: =_xlfn.LET(_xlpm.total,SUM(I5:L5),IF(_xlpm.total=0,"",MAX(I5:L5)/_xlpm.total>=0.5)) -> TRUE | P5: =_xlfn.LET(_xlpm.total,SUM(I5:L5),IF(_xlpm.total=0,"",MAX(I5:L5)/_xlpm.total)) -> 0.85477707 | Q5: 46048
A6: TheBishopDeath | B6: 47 | C6: 34290 | D6: =SUM(Global_Player_Modes!C6:D6) -> 549.5 | E6: =SUM(Global_Player_Modes!E6:F6) -> 83.75 | F6: =SUM(Global_Player_Modes!G6:M6) -> 42 | G6: =SUM(Global_Player_Modes!N6:O6) -> 3.75 | H6: =IF(SUM(D6:G6)=0,"",IF(G6/SUM(D6:G6)>=0.5,"Battle Royale",IF(F6/SUM(D6:F6)>=0.6,"Infantry-Heavy",IF((D6+0.7*E6)/SUM(D6:F6)>=0.65,"Vehicle-Heavy","Mixed")))) -> Vehicle-Heavy | I6: 105 | J6: 390 | K6: 3 | L6: 37 | M6: =SUM(I6:L6) -> 535 | N6: {=_xlfn.LET(_xlpm.total,SUM(I6:L6),_xlpm.maxv,MAX(I6:L6),IF(_xlpm.total=0,"",IF(_xlpm.maxv/_xlpm.total<0.5,"Mixed-Class",_xlfn.IFS(_xlpm.maxv=I6,"Assault",_xlpm.maxv=J6,"Engineer",_xlpm.maxv=K6,"Recon",_xlpm.maxv=L6,"Support"))))} -> Engineer | O6: =_xlfn.LET(_xlpm.total,SUM(I6:L6),IF(_xlpm.total=0,"",MAX(I6:L6)/_xlpm.total>=0.5)) -> TRUE | P6: =_xlfn.LET(_xlpm.total,SUM(I6:L6),IF(_xlpm.total=0,"",MAX(I6:L6)/_xlpm.total)) -> 0.72897196 | Q6: 46048
A7: AncientWizardGuy | B7: 57 | C7: 33277 | D7: =SUM(Global_Player_Modes!C7:D7) -> 476 | E7: =SUM(Global_Player_Modes!E7:F7) -> 250 | F7: =SUM(Global_Player_Modes!G7:M7) -> 2 | G7: =SUM(Global_Player_Modes!N7:O7) -> 0 | H7: =IF(SUM(D7:G7)=0,"",IF(G7/SUM(D7:G7)>=0.5,"Battle Royale",IF(F7/SUM(D7:F7)>=0.6,"Infantry-Heavy",IF((D7+0.7*E7)/SUM(D7:F7)>=0.65,"Vehicle-Heavy","Mixed")))) -> Vehicle-Heavy | I7: 104 | J7: 156 | K7: 126 | L7: 211 | M7: =SUM(I7:L7) -> 597 | N7: {=_xlfn.LET(_xlpm.total,SUM(I7:L7),_xlpm.maxv,MAX(I7:L7),IF(_xlpm.total=0,"",IF(_xlpm.maxv/_xlpm.total<0.5,"Mixed-Class",_xlfn.IFS(_xlpm.maxv=I7,"Assault",_xlpm.maxv=J7,"Engineer",_xlpm.maxv=K7,"Recon",_xlpm.maxv=L7,"Support"))))} -> Mixed-Class | O7: =_xlfn.LET(_xlpm.total,SUM(I7:L7),IF(_xlpm.total=0,"",MAX(I7:L7)/_xlpm.total>=0.5)) -> FALSE | P7: =_xlfn.LET(_xlpm.total,SUM(I7:L7),IF(_xlpm.total=0,"",MAX(I7:L7)/_xlpm.total)) -> 0.35343384 | Q7: 46048
A8: M5_eaglez | B8: 67 | C8: 32631 | D8: =SUM(Global_Player_Modes!C8:D8) -> 214 | E8: =SUM(Global_Player_Modes!E8:F8) -> 453.5 | F8: =SUM(Global_Player_Modes!G8:M8) -> 0.25 | G8: =SUM(Global_Player_Modes!N8:O8) -> 0 | H8: =IF(SUM(D8:G8)=0,"",IF(G8/SUM(D8:G8)>=0.5,"Battle Royale",IF(F8/SUM(D8:F8)>=0.6,"Infantry-Heavy",IF((D8+0.7*E8)/SUM(D8:F8)>=0.65,"Vehicle-Heavy","Mixed")))) -> Vehicle-Heavy | I8: 233 | J8: 68 | K8: 62 | L8: 85 | M8: =SUM(I8:L8) -> 448 | N8: {=_xlfn.LET(_xlpm.total,SUM(I8:L8),_xlpm.maxv,MAX(I8:L8),IF(_xlpm.total=0,"",IF(_xlpm.maxv/_xlpm.total<0.5,"Mixed-Class",_xlfn.IFS(_xlpm.maxv=I8,"Assault",_xlpm.maxv=J8,"Engineer",_xlpm.maxv=K8,"Recon",_xlpm.maxv=L8,"Support"))))} -> Assault | O8: =_xlfn.LET(_xlpm.total,SUM(I8:L8),IF(_xlpm.total=0,"",MAX(I8:L8)/_xlpm.total>=0.5)) -> TRUE | P8: =_xlfn.LET(_xlpm.total,SUM(I8:L8),IF(_xlpm.total=0,"",MAX(I8:L8)/_xlpm.total)) -> 0.52008929 | Q8: 46048
A9: Ragefast2311 | B9: 77 | C9: 32224 | D9: =SUM(Global_Player_Modes!C9:D9) -> 43 | E9: =SUM(Global_Player_Modes!E9:F9) -> 49.5 | F9: =SUM(Global_Player_Modes!G9:M9) -> 363.75 | G9: =SUM(Global_Player_Modes!N9:O9) -> 15.25 | H9: =IF(SUM(D9:G9)=0,"",IF(G9/SUM(D9:G9)>=0.5,"Battle Royale",IF(F9/SUM(D9:F9)>=0.6,"Infantry-Heavy",IF((D9+0.7*E9)/SUM(D9:F9)>=0.65,"Vehicle-Heavy","Mixed")))) -> Infantry-Heavy | I9: 10 | J9: 9 | K9: 12 | L9: 409 | M9: =SUM(I9:L9) -> 440 | N9: {=_xlfn.LET(_xlpm.total,SUM(I9:L9),_xlpm.maxv,MAX(I9:L9),IF(_xlpm.total=0,"",IF(_xlpm.maxv/_xlpm.total<0.5,"Mixed-Class",_xlfn.IFS(_xlpm.maxv=I9,"Assault",_xlpm.maxv=J9,"Engineer",_xlpm.maxv=K9,"Recon",_xlpm.maxv=L9,"Support"))))} -> Support | O9: =_xlfn.LET(_xlpm.total,SUM(I9:L9),IF(_xlpm.total=0,"",MAX(I9:L9)/_xlpm.total>=0.5)) -> TRUE | P9: =_xlfn.LET(_xlpm.total,SUM(I9:L9),IF(_xlpm.total=0,"",MAX(I9:L9)/_xlpm.total)) -> 0.92954545 | Q9: 46048
A10: xCPC464x | B10: 87 | C10: 31404 | D10: =SUM(Global_Player_Modes!C10:D10) -> 472 | E10: =SUM(Global_Player_Modes!E10:F10) -> 171 | F10: =SUM(Global_Player_Modes!G10:M10) -> 217 | G10: =SUM(Global_Player_Modes!N10:O10) -> 128 | H10: =IF(SUM(D10:G10)=0,"",IF(G10/SUM(D10:G10)>=0.5,"Battle Royale",IF(F10/SUM(D10:F10)>=0.6,"Infantry-Heavy",IF((D10+0.7*E10)/SUM(D10:F10)>=0.65,"Vehicle-Heavy","Mixed")))) -> Vehicle-Heavy | I10: 360 | J10: 35 | K10: 204 | L10: 56 | M10: =SUM(I10:L10) -> 655 | N10: {=_xlfn.LET(_xlpm.total,SUM(I10:L10),_xlpm.maxv,MAX(I10:L10),IF(_xlpm.total=0,"",IF(_xlpm.maxv/_xlpm.total<0.5,"Mixed-Class",_xlfn.IFS(_xlpm.maxv=I10,"Assault",_xlpm.maxv=J10,"Engineer",_xlpm.maxv=K10,"Recon",_xlpm.maxv=L10,"Support"))))} -> Assault | O10: =_xlfn.LET(_xlpm.total,SUM(I10:L10),IF(_xlpm.total=0,"",MAX(I10:L10)/_xlpm.total>=0.5)) -> TRUE | P10: =_xlfn.LET(_xlpm.total,SUM(I10:L10),IF(_xlpm.total=0,"",MAX(I10:L10)/_xlpm.total)) -> 0.54961832 | Q10: 46048
A11: Benzo_ | B11: 97 | C11: 30772 | D11: =SUM(Global_Player_Modes!C11:D11) -> 78 | E11: =SUM(Global_Player_Modes!E11:F11) -> 635.25 | F11: =SUM(Global_Player_Modes!G11:M11) -> 11.5 | G11: =SUM(Global_Player_Modes!N11:O11) -> 20.25 | H11: =IF(SUM(D11:G11)=0,"",IF(G11/SUM(D11:G11)>=0.5,"Battle Royale",IF(F11/SUM(D11:F11)>=0.6,"Infantry-Heavy",IF((D11+0.7*E11)/SUM(D11:F11)>=0.65,"Vehicle-Heavy","Mixed")))) -> Vehicle-Heavy | I11: 27 | J11: 152 | K11: 140 | L11: 203 | M11: =SUM(I11:L11) -> 522 | N11: {=_xlfn.LET(_xlpm.total,SUM(I11:L11),_xlpm.maxv,MAX(I11:L11),IF(_xlpm.total=0,"",IF(_xlpm.maxv/_xlpm.total<0.5,"Mixed-Class",_xlfn.IFS(_xlpm.maxv=I11,"Assault",_xlpm.maxv=J11,"Engineer",_xlpm.maxv=K11,"Recon",_xlpm.maxv=L11,"Support"))))} -> Mixed-Class | O11: =_xlfn.LET(_xlpm.total,SUM(I11:L11),IF(_xlpm.total=0,"",MAX(I11:L11)/_xlpm.total>=0.5)) -> FALSE | P11: =_xlfn.LET(_xlpm.total,SUM(I11:L11),IF(_xlpm.total=0,"",MAX(I11:L11)/_xlpm.total)) -> 0.38888889 | Q11: 46048
A12: rgayregger | B12: 107 | C12: 31795 | H12: =IF(SUM(D12:G12)=0,"",IF(G12/SUM(D12:G12)>=0.5,"Battle Royale",IF(F12/SUM(D12:F12)>=0.6,"Infantry-Heavy",IF((D12+0.7*E12)/SUM(D12:F12)>=0.7,"Vehicle-Heavy","Mixed")))) | I12: 252 | J12: 59 | K12: 30 | L12: 22 | M12: =SUM(I12:L12) -> 363 | N12: {=_xlfn.LET(_xlpm.total,SUM(I12:L12),_xlpm.maxv,MAX(I12:L12),IF(_xlpm.total=0,"",IF(_xlpm.maxv/_xlpm.total<0.5,"Mixed-Class",_xlfn.IFS(_xlpm.maxv=I12,"Assault",_xlpm.maxv=J12,"Engineer",_xlpm.maxv=K12,"Recon",_xlpm.maxv=L12,"Support"))))} -> Assault | O12: =_xlfn.LET(_xlpm.total,SUM(I12:L12),IF(_xlpm.total=0,"",MAX(I12:L12)/_xlpm.total>=0.5)) -> TRUE | P12: =_xlfn.LET(_xlpm.total,SUM(I12:L12),IF(_xlpm.total=0,"",MAX(I12:L12)/_xlpm.total)) -> 0.69421488 | Q12: 46056
B13: 117 | H13: =IF(SUM(D13:G13)=0,"",IF(G13/SUM(D13:G13)>=0.5,"Battle Royale",IF(F13/SUM(D13:F13)>=0.6,"Infantry-Heavy",IF((D13+0.7*E13)/SUM(D13:F13)>=0.7,"Vehicle-Heavy","Mixed")))) | M13: =SUM(I13:L13) -> 0 | N13: {=_xlfn.LET(_xlpm.total,SUM(I13:L13),_xlpm.maxv,MAX(I13:L13),IF(_xlpm.total=0,"",IF(_xlpm.maxv/_xlpm.total<0.5,"Mixed-Class",_xlfn.IFS(_xlpm.maxv=I13,"Assault",_xlpm.maxv=J13,"Engineer",_xlpm.maxv=K13,"Recon",_xlpm.maxv=L13,"Support"))))} | O13: =_xlfn.LET(_xlpm.total,SUM(I13:L13),IF(_xlpm.total=0,"",MAX(I13:L13)/_xlpm.total>=0.5)) | P13: =_xlfn.LET(_xlpm.total,SUM(I13:L13),IF(_xlpm.total=0,"",MAX(I13:L13)/_xlpm.total))
B14: 127 | H14: =IF(SUM(D14:G14)=0,"",IF(G14/SUM(D14:G14)>=0.5,"Battle Royale",IF(F14/SUM(D14:F14)>=0.6,"Infantry-Heavy",IF((D14+0.7*E14)/SUM(D14:F14)>=0.7,"Vehicle-Heavy","Mixed")))) | M14: =SUM(I14:L14) -> 0 | N14: {=_xlfn.LET(_xlpm.total,SUM(I14:L14),_xlpm.maxv,MAX(I14:L14),IF(_xlpm.total=0,"",IF(_xlpm.maxv/_xlpm.total<0.5,"Mixed-Class",_xlfn.IFS(_xlpm.maxv=I14,"Assault",_xlpm.maxv=J14,"Engineer",_xlpm.maxv=K14,"Recon",_xlpm.maxv=L14,"Support"))))} | O14: =_xlfn.LET(_xlpm.total,SUM(I14:L14),IF(_xlpm.total=0,"",MAX(I14:L14)/_xlpm.total>=0.5)) | P14: =_xlfn.LET(_xlpm.total,SUM(I14:L14),IF(_xlpm.total=0,"",MAX(I14:L14)/_xlpm.total))
B15: 137 | H15: =IF(SUM(D15:G15)=0,"",IF(G15/SUM(D15:G15)>=0.5,"Battle Royale",IF(F15/SUM(D15:F15)>=0.6,"Infantry-Heavy",IF((D15+0.7*E15)/SUM(D15:F15)>=0.7,"Vehicle-Heavy","Mixed")))) | M15: =SUM(I15:L15) -> 0 | N15: {=_xlfn.LET(_xlpm.total,SUM(I15:L15),_xlpm.maxv,MAX(I15:L15),IF(_xlpm.total=0,"",IF(_xlpm.maxv/_xlpm.total<0.5,"Mixed-Class",_xlfn.IFS(_xlpm.maxv=I15,"Assault",_xlpm.maxv=J15,"Engineer",_xlpm.maxv=K15,"Recon",_xlpm.maxv=L15,"Support"))))} | O15: =_xlfn.LET(_xlpm.total,SUM(I15:L15),IF(_xlpm.total=0,"",MAX(I15:L15)/_xlpm.total>=0.5)) | P15: =_xlfn.LET(_xlpm.total,SUM(I15:L15),IF(_xlpm.total=0,"",MAX(I15:L15)/_xlpm.total))
B16: 147 | H16: =IF(SUM(D16:G16)=0,"",IF(G16/SUM(D16:G16)>=0.5,"Battle Royale",IF(F16/SUM(D16:F16)>=0.6,"Infantry-Heavy",IF((D16+0.7*E16)/SUM(D16:F16)>=0.7,"Vehicle-Heavy","Mixed")))) | M16: =SUM(I16:L16) -> 0 | N16: {=_xlfn.LET(_xlpm.total,SUM(I16:L16),_xlpm.maxv,MAX(I16:L16),IF(_xlpm.total=0,"",IF(_xlpm.maxv/_xlpm.total<0.5,"Mixed-Class",_xlfn.IFS(_xlpm.maxv=I16,"Assault",_xlpm.maxv=J16,"Engineer",_xlpm.maxv=K16,"Recon",_xlpm.maxv=L16,"Support"))))} | O16: =_xlfn.LET(_xlpm.total,SUM(I16:L16),IF(_xlpm.total=0,"",MAX(I16:L16)/_xlpm.total>=0.5)) | P16: =_xlfn.LET(_xlpm.total,SUM(I16:L16),IF(_xlpm.total=0,"",MAX(I16:L16)/_xlpm.total))
B17: 157 | H17: =IF(SUM(D17:G17)=0,"",IF(G17/SUM(D17:G17)>=0.5,"Battle Royale",IF(F17/SUM(D17:F17)>=0.6,"Infantry-Heavy",IF((D17+0.7*E17)/SUM(D17:F17)>=0.7,"Vehicle-Heavy","Mixed")))) | M17: =SUM(I17:L17) -> 0 | N17: {=_xlfn.LET(_xlpm.total,SUM(I17:L17),_xlpm.maxv,MAX(I17:L17),IF(_xlpm.total=0,"",IF(_xlpm.maxv/_xlpm.total<0.5,"Mixed-Class",_xlfn.IFS(_xlpm.maxv=I17,"Assault",_xlpm.maxv=J17,"Engineer",_xlpm.maxv=K17,"Recon",_xlpm.maxv=L17,"Support"))))} | O17: =_xlfn.LET(_xlpm.total,SUM(I17:L17),IF(_xlpm.total=0,"",MAX(I17:L17)/_xlpm.total>=0.5)) | P17: =_xlfn.LET(_xlpm.total,SUM(I17:L17),IF(_xlpm.total=0,"",MAX(I17:L17)/_xlpm.total))
B18: 167 | H18: =IF(SUM(D18:G18)=0,"",IF(G18/SUM(D18:G18)>=0.5,"Battle Royale",IF(F18/SUM(D18:F18)>=0.6,"Infantry-Heavy",IF((D18+0.7*E18)/SUM(D18:F18)>=0.7,"Vehicle-Heavy","Mixed")))) | M18: =SUM(I18:L18) -> 0 | N18: {=_xlfn.LET(_xlpm.total,SUM(I18:L18),_xlpm.maxv,MAX(I18:L18),IF(_xlpm.total=0,"",IF(_xlpm.maxv/_xlpm.total<0.5,"Mixed-Class",_xlfn.IFS(_xlpm.maxv=I18,"Assault",_xlpm.maxv=J18,"Engineer",_xlpm.maxv=K18,"Recon",_xlpm.maxv=L18,"Support"))))} | O18: =_xlfn.LET(_xlpm.total,SUM(I18:L18),IF(_xlpm.total=0,"",MAX(I18:L18)/_xlpm.total>=0.5)) | P18: =_xlfn.LET(_xlpm.total,SUM(I18:L18),IF(_xlpm.total=0,"",MAX(I18:L18)/_xlpm.total))
B19: 177 | H19: =IF(SUM(D19:G19)=0,"",IF(G19/SUM(D19:G19)>=0.5,"Battle Royale",IF(F19/SUM(D19:F19)>=0.6,"Infantry-Heavy",IF((D19+0.7*E19)/SUM(D19:F19)>=0.7,"Vehicle-Heavy","Mixed")))) | M19: =SUM(I19:L19) -> 0 | N19: {=_xlfn.LET(_xlpm.total,SUM(I19:L19),_xlpm.maxv,MAX(I19:L19),IF(_xlpm.total=0,"",IF(_xlpm.maxv/_xlpm.total<0.5,"Mixed-Class",_xlfn.IFS(_xlpm.maxv=I19,"Assault",_xlpm.maxv=J19,"Engineer",_xlpm.maxv=K19,"Recon",_xlpm.maxv=L19,"Support"))))} | O19: =_xlfn.LET(_xlpm.total,SUM(I19:L19),IF(_xlpm.total=0,"",MAX(I19:L19)/_xlpm.total>=0.5)) | P19: =_xlfn.LET(_xlpm.total,SUM(I19:L19),IF(_xlpm.total=0,"",MAX(I19:L19)/_xlpm.total))
B20: 187 | H20: =IF(SUM(D20:G20)=0,"",IF(G20/SUM(D20:G20)>=0.5,"Battle Royale",IF(F20/SUM(D20:F20)>=0.6,"Infantry-Heavy",IF((D20+0.7*E20)/SUM(D20:F20)>=0.7,"Vehicle-Heavy","Mixed")))) | M20: =SUM(I20:L20) -> 0 | N20: {=_xlfn.LET(_xlpm.total,SUM(I20:L20),_xlpm.maxv,MAX(I20:L20),IF(_xlpm.total=0,"",IF(_xlpm.maxv/_xlpm.total<0.5,"Mixed-Class",_xlfn.IFS(_xlpm.maxv=I20,"Assault",_xlpm.maxv=J20,"Engineer",_xlpm.maxv=K20,"Recon",_xlpm.maxv=L20,"Support"))))} | O20: =_xlfn.LET(_xlpm.total,SUM(I20:L20),IF(_xlpm.total=0,"",MAX(I20:L20)/_xlpm.total>=0.5)) | P20: =_xlfn.LET(_xlpm.total,SUM(I20:L20),IF(_xlpm.total=0,"",MAX(I20:L20)/_xlpm.total))
B21: 197 | H21: =IF(SUM(D21:G21)=0,"",IF(G21/SUM(D21:G21)>=0.5,"Battle Royale",IF(F21/SUM(D21:F21)>=0.6,"Infantry-Heavy",IF((D21+0.7*E21)/SUM(D21:F21)>=0.7,"Vehicle-Heavy","Mixed")))) | M21: =SUM(I21:L21) -> 0 | N21: {=_xlfn.LET(_xlpm.total,SUM(I21:L21),_xlpm.maxv,MAX(I21:L21),IF(_xlpm.total=0,"",IF(_xlpm.maxv/_xlpm.total<0.5,"Mixed-Class",_xlfn.IFS(_xlpm.maxv=I21,"Assault",_xlpm.maxv=J21,"Engineer",_xlpm.maxv=K21,"Recon",_xlpm.maxv=L21,"Support"))))} | O21: =_xlfn.LET(_xlpm.total,SUM(I21:L21),IF(_xlpm.total=0,"",MAX(I21:L21)/_xlpm.total>=0.5)) | P21: =_xlfn.LET(_xlpm.total,SUM(I21:L21),IF(_xlpm.total=0,"",MAX(I21:L21)/_xlpm.total))
B22: 207 | H22: =IF(SUM(D22:G22)=0,"",IF(G22/SUM(D22:G22)>=0.5,"Battle Royale",IF(F22/SUM(D22:F22)>=0.6,"Infantry-Heavy",IF((D22+0.7*E22)/SUM(D22:F22)>=0.7,"Vehicle-Heavy","Mixed")))) | M22: =SUM(I22:L22) -> 0 | N22: {=_xlfn.LET(_xlpm.total,SUM(I22:L22),_xlpm.maxv,MAX(I22:L22),IF(_xlpm.total=0,"",IF(_xlpm.maxv/_xlpm.total<0.5,"Mixed-Class",_xlfn.IFS(_xlpm.maxv=I22,"Assault",_xlpm.maxv=J22,"Engineer",_xlpm.maxv=K22,"Recon",_xlpm.maxv=L22,"Support"))))} | O22: =_xlfn.LET(_xlpm.total,SUM(I22:L22),IF(_xlpm.total=0,"",MAX(I22:L22)/_xlpm.total>=0.5)) | P22: =_xlfn.LET(_xlpm.total,SUM(I22:L22),IF(_xlpm.total=0,"",MAX(I22:L22)/_xlpm.total))
B23: 217 | H23: =IF(SUM(D23:G23)=0,"",IF(G23/SUM(D23:G23)>=0.5,"Battle Royale",IF(F23/SUM(D23:F23)>=0.6,"Infantry-Heavy",IF((D23+0.7*E23)/SUM(D23:F23)>=0.7,"Vehicle-Heavy","Mixed")))) | M23: =SUM(I23:L23) -> 0 | N23: {=_xlfn.LET(_xlpm.total,SUM(I23:L23),_xlpm.maxv,MAX(I23:L23),IF(_xlpm.total=0,"",IF(_xlpm.maxv/_xlpm.total<0.5,"Mixed-Class",_xlfn.IFS(_xlpm.maxv=I23,"Assault",_xlpm.maxv=J23,"Engineer",_xlpm.maxv=K23,"Recon",_xlpm.maxv=L23,"Support"))))} | O23: =_xlfn.LET(_xlpm.total,SUM(I23:L23),IF(_xlpm.total=0,"",MAX(I23:L23)/_xlpm.total>=0.5)) | P23: =_xlfn.LET(_xlpm.total,SUM(I23:L23),IF(_xlpm.total=0,"",MAX(I23:L23)/_xlpm.total))
B24: 227 | H24: =IF(SUM(D24:G24)=0,"",IF(G24/SUM(D24:G24)>=0.5,"Battle Royale",IF(F24/SUM(D24:F24)>=0.6,"Infantry-Heavy",IF((D24+0.7*E24)/SUM(D24:F24)>=0.7,"Vehicle-Heavy","Mixed")))) | M24: =SUM(I24:L24) -> 0 | N24: {=_xlfn.LET(_xlpm.total,SUM(I24:L24),_xlpm.maxv,MAX(I24:L24),IF(_xlpm.total=0,"",IF(_xlpm.maxv/_xlpm.total<0.5,"Mixed-Class",_xlfn.IFS(_xlpm.maxv=I24,"Assault",_xlpm.maxv=J24,"Engineer",_xlpm.maxv=K24,"Recon",_xlpm.maxv=L24,"Support"))))} | O24: =_xlfn.LET(_xlpm.total,SUM(I24:L24),IF(_xlpm.total=0,"",MAX(I24:L24)/_xlpm.total>=0.5)) | P24: =_xlfn.LET(_xlpm.total,SUM(I24:L24),IF(_xlpm.total=0,"",MAX(I24:L24)/_xlpm.total))
... B1000: 9987 | H1000: =IF(SUM(D1000:G1000)=0,"",IF(G1000/SUM(D1000:G1000)>=0.5,"Battle Royale",IF(F1000/SUM(D1000:F1000)>=0.6,"Infantry-Heavy",IF((D1000+0.7*E1000)/SUM(D1000:F1000)>=0.7,"Vehicle-Heavy","Mixed")))) | M1000: =SUM(I1000:L1000) -> 0 | N1000: {=_xlfn.LET(_xlpm.total,SUM(I1000:L1000),_xlpm.maxv,MAX(I1000:L1000),IF(_xlpm.total=0,"",IF(_xlpm.maxv/_xlpm.total<0.5,"Mixed-Class",_xlfn.IFS(_xlpm.maxv=I1000,"Assault",_xlpm.maxv=J1000,"Engineer",_xlpm.maxv=K1000,"Recon",_xlpm.maxv=L1000,"Support"))))} | O1000: =_xlfn.LET(_xlpm.total,SUM(I1000:L1000),IF(_xlpm.total=0,"",MAX(I1000:L1000)/_xlpm.total>=0.5)) | P1000: =_xlfn.LET(_xlpm.total,SUM(I1000:L1000),IF(_xlpm.total=0,"",MAX(I1000:L1000)/_xlpm.total))
B1001: 9997 | M1001: =SUM(I1001:L1001) -> 0 | N1001: {=_xlfn.LET(_xlpm.total,SUM(I1001:L1001),_xlpm.maxv,MAX(I1001:L1001),IF(_xlpm.total=0,"",IF(_xlpm.maxv/_xlpm.total<0.5,"Mixed-Class",_xlfn.IFS(_xlpm.maxv=I1001,"Assault",_xlpm.maxv=J1001,"Engineer",_xlpm.maxv=K1001,"Recon",_xlpm.maxv=L1001,"Support"))))} | O1001: =_xlfn.LET(_xlpm.total,SUM(I1001:L1001),IF(_xlpm.total=0,"",MAX(I1001:L1001)/_xlpm.total>=0.5)) | P1001: =_xlfn.LET(_xlpm.total,SUM(I1001:L1001),IF(_xlpm.total=0,"",MAX(I1001:L1001)/_xlpm.total))

Sheet Global_Player_Modes
A1: Player_ID | B1: Leaderboard_Rank | C1: Conquest_Hours | D1: Escalation_Hours | E1: Breakthrough_Hours | F1: Rush_Hours | G1: TDM | H1: SDM | I1: Strikepoint | J1: Gauntlet | K1: Domination | L1: KotH | M1: Sabotage | N1: BR Quads | O1: BR Duos
A2: =Global_Players!A2 -> Stann83cz | B2: {=_xlfn.SEQUENCE(1000,1,7,10)} -> 7 | C2: 205 | D2: 19 | E2: 101 | F2: 4.5 | G2: 8 | H2: 19 | I2: 0.5 | J2: 1 | K2: 52 | L2: 228 | M2: 17 | N2: 8 | O2: 3
A3: =Global_Players!A3 -> Sir Jekyll | B3: 17 | C3: 343 | D3: 6 | E3: 103 | F3: 3.5 | G3: 4.5 | H3: 85 | I3: 0 | J3: 8 | K3: 2 | L3: 1 | M3: 1 | N3: 16 | O3: 108
A4: =Global_Players!A4 -> elkikisk | B4: 27 | C4: 201 | D4: 600 | E4: 33 | F4: 89 | G4: 0.75 | H4: 4 | I4: 0.25 | J4: 3 | K4: 4 | L4: 1 | M4: 1 | N4: 0.25 | O4: 0.1
A5: =Global_Players!A5 -> HSBxEWIKKED | B5: 37 | C5: 91 | D5: 9.25 | E5: 84 | F5: 9 | G5: 245 | H5: 105 | I5: 49 | J5: 7 | K5: 50 | L5: 95 | M5: 50 | N5: 27 | O5: 88
A6: =Global_Players!A6 -> TheBishopDeath | B6: 47 | C6: 544 | D6: 5.5 | E6: 83 | F6: 0.75 | G6: 13 | H6: 9 | I6: 4.5 | J6: 3 | K6: 4.75 | L6: 6.5 | M6: 1.25 | N6: 3 | O6: 0.75
A7: =Global_Players!A7 -> AncientWizardGuy | B7: 57 | C7: 234 | D7: 242 | E7: 237 | F7: 13 | G7: 0 | H7: 0 | I7: 0 | J7: 0 | K7: 1.25 | L7: 0.75 | M7: 0 | N7: 0 | O7: 0
A8: =Global_Players!A8 -> M5_eaglez | B8: 67 | C8: 177 | D8: 37 | E8: 453 | F8: 0.5 | G8: 0 | H8: 0 | I8: 0 | J8: 0 | K8: 0 | L8: 0.25 | M8: 0 | N8: 0 | O8: 0
A9: =Global_Players!A9 -> Ragefast2311 | B9: 77 | C9: 29 | D9: 14 | E9: 45 | F9: 4.5 | G9: 139 | H9: 52 | I9: 4 | J9: 27 | K9: 135 | L9: 4.25 | M9: 2.5 | N9: 4.25 | O9: 11
A10: =Global_Players!A10 -> xCPC464x | B10: 87 | C10: 315 | D10: 157 | E10: 135 | F10: 36 | G10: 8.25 | H10: 5.75 | I10: 6.25 | J10: 167 | K10: 9 | L10: 9.25 | M10: 11.5 | N10: 61 | O10: 67
A11: =Global_Players!A11 -> Benzo_ | B11: 97 | C11: 45 | D11: 33 | E11: 634 | F11: 1.25 | G11: 1.75 | H11: 0 | I11: 0 | J11: 5 | K11: 3 | L11: 1.75 | M11: 0 | N11: 8.25 | O11: 12
A12: =Global_Players!A12 -> rgayregger | B12: 107 | C12: 80 | D12: 42 | E12: 138 | F12: 25 | G12: 4 | H12: 2 | I12: 2.5 | J12: 0 | K12: 55 | L12: 54 | M12: 6 | N12: 0.75 | O12: 0.25
A13: =Global_Players!A13 -> 0 | B13: 117
A14: =Global_Players!A14 -> 0 | B14: 127
A15: =Global_Players!A15 -> 0 | B15: 137
A16: =Global_Players!A16 -> 0 | B16: 147
A17: =Global_Players!A17 -> 0 | B17: 157
A18: =Global_Players!A18 -> 0 | B18: 167
A19: =Global_Players!A19 -> 0 | B19: 177
A20: =Global_Players!A20 -> 0 | B20: 187
A21: =Global_Players!A21 -> 0 | B21: 197
A22: =Global_Players!A22 -> 0 | B22: 207
A23: =Global_Players!A23 -> 0 | B23: 217
A24: =Global_Players!A24 -> 0 | B24: 227
... A38: =Global_Players!A38 -> 0 | B38: 367
B39: 377
B40: 387
B41: 397
B42: 407
B43: 417
B44: 427
B45: 437
B46: 447
B47: 457
B48: 467
B49: 477
B50: 487
... B1001: 9997

Sheet Class_Players
A1: Player_ID | B1: Class | C1: Class_Row_Index | D1: Leaderboard_Rank | E1: Rank_Segment | F1: Class_Deployments | G1: Class_Time_Hour | H1: Snapshot_Date | I1: Duplicate_Key
A2: mirovampiro | B2: Assault | C2: =IF(ROW()=2,1,IF(B2<>B1,1,C1+1)) -> 1 | D2: {=_xlfn.IFS(C2<=50,7+10*(C2-1),C2<=110,507+25*(C2-51),C2<=170,2007+50*(C2-111),C2<=250,5007+50*(C2-171))} -> 7 | E2: {=IF(D2="","",_xlfn.IFS(D2<=500,"Top_500",D2<=2000,"501_2000",D2<=5000,"2001_5000",D2<=10000,"5001_10000"))} -> Top_500 | F2: 28809 | G2: 491 | H2: 46046 | I2: =A2 & "|" & B2 -> mirovampiro|Assault
A3: Francko Escobar | B3: Assault | C3: =IF(ROW()=2,1,IF(B3<>B2,1,C2+1)) -> 2 | D3: {=_xlfn.IFS(C3<=50,7+10*(C3-1),C3<=110,507+25*(C3-51),C3<=170,2007+50*(C3-111),C3<=250,5007+50*(C3-171))} -> 17 | E3: {=IF(D3="","",_xlfn.IFS(D3<=500,"Top_500",D3<=2000,"501_2000",D3<=5000,"2001_5000",D3<=10000,"5001_10000"))} -> Top_500 | F3: 22167 | G3: 388 | H3: 46048 | I3: =A3 & "|" & B3 -> Francko Escobar|Assault
A4: CFGBOT | B4: Assault | C4: =IF(ROW()=2,1,IF(B4<>B3,1,C3+1)) -> 3 | D4: {=_xlfn.IFS(C4<=50,7+10*(C4-1),C4<=110,507+25*(C4-51),C4<=170,2007+50*(C4-111),C4<=250,5007+50*(C4-171))} -> 27 | E4: {=IF(D4="","",_xlfn.IFS(D4<=500,"Top_500",D4<=2000,"501_2000",D4<=5000,"2001_5000",D4<=10000,"5001_10000"))} -> Top_500 | F4: 21125 | G4: 351 | H4: 46048 | I4: =A4 & "|" & B4 -> CFGBOT|Assault
A5: avengerhawk | B5: Assault | C5: =IF(ROW()=2,1,IF(B5<>B4,1,C4+1)) -> 4 | D5: {=_xlfn.IFS(C5<=50,7+10*(C5-1),C5<=110,507+25*(C5-51),C5<=170,2007+50*(C5-111),C5<=250,5007+50*(C5-171))} -> 37 | E5: {=IF(D5="","",_xlfn.IFS(D5<=500,"Top_500",D5<=2000,"501_2000",D5<=5000,"2001_5000",D5<=10000,"5001_10000"))} -> Top_500 | F5: 20105 | G5: 258 | H5: 46048 | I5: =A5 & "|" & B5 -> avengerhawk|Assault
A6: Chopppppperrrrr | B6: Assault | C6: =IF(ROW()=2,1,IF(B6<>B5,1,C5+1)) -> 5 | D6: {=_xlfn.IFS(C6<=50,7+10*(C6-1),C6<=110,507+25*(C6-51),C6<=170,2007+50*(C6-111),C6<=250,5007+50*(C6-171))} -> 47 | E6: {=IF(D6="","",_xlfn.IFS(D6<=500,"Top_500",D6<=2000,"501_2000",D6<=5000,"2001_5000",D6<=10000,"5001_10000"))} -> Top_500 | F6: 18236 | G6: 157 | H6: 46048 | I6: =A6 & "|" & B6 -> Chopppppperrrrr|Assault
A7: d00hn!e+ | B7: Assault | C7: =IF(ROW()=2,1,IF(B7<>B6,1,C6+1)) -> 6 | D7: {=_xlfn.IFS(C7<=50,7+10*(C7-1),C7<=110,507+25*(C7-51),C7<=170,2007+50*(C7-111),C7<=250,5007+50*(C7-171))} -> 57 | E7: {=IF(D7="","",_xlfn.IFS(D7<=500,"Top_500",D7<=2000,"501_2000",D7<=5000,"2001_5000",D7<=10000,"5001_10000"))} -> Top_500 | F7: 17549 | G7: 350 | H7: 46048 | I7: =A7 & "|" & B7 -> d00hn!e+|Assault
A8: Wiesiu_PL | B8: Assault | C8: =IF(ROW()=2,1,IF(B8<>B7,1,C7+1)) -> 7 | D8: {=_xlfn.IFS(C8<=50,7+10*(C8-1),C8<=110,507+25*(C8-51),C8<=170,2007+50*(C8-111),C8<=250,5007+50*(C8-171))} -> 67 | E8: {=IF(D8="","",_xlfn.IFS(D8<=500,"Top_500",D8<=2000,"501_2000",D8<=5000,"2001_5000",D8<=10000,"5001_10000"))} -> Top_500 | F8: 16810 | G8: 307 | H8: 46048 | I8: =A8 & "|" & B8 -> Wiesiu_PL|Assault
A9: Nathanchor | B9: Assault | C9: =IF(ROW()=2,1,IF(B9<>B8,1,C8+1)) -> 8 | D9: {=_xlfn.IFS(C9<=50,7+10*(C9-1),C9<=110,507+25*(C9-51),C9<=170,2007+50*(C9-111),C9<=250,5007+50*(C9-171))} -> 77 | E9: {=IF(D9="","",_xlfn.IFS(D9<=500,"Top_500",D9<=2000,"501_2000",D9<=5000,"2001_5000",D9<=10000,"5001_10000"))} -> Top_500 | F9: 16195 | G9: 317 | H9: 46048 | I9: =A9 & "|" & B9 -> Nathanchor|Assault
A10: Sempire90 | B10: Assault | C10: =IF(ROW()=2,1,IF(B10<>B9,1,C9+1)) -> 9 | D10: {=_xlfn.IFS(C10<=50,7+10*(C10-1),C10<=110,507+25*(C10-51),C10<=170,2007+50*(C10-111),C10<=250,5007+50*(C10-171))} -> 87 | E10: {=IF(D10="","",_xlfn.IFS(D10<=500,"Top_500",D10<=2000,"501_2000",D10<=5000,"2001_5000",D10<=10000,"5001_10000"))} -> Top_500 | F10: 15789 | G10: 159 | H10: 46048 | I10: =A10 & "|" & B10 -> Sempire90|Assault
A11: frothandbubble | B11: Assault | C11: =IF(ROW()=2,1,IF(B11<>B10,1,C10+1)) -> 10 | D11: {=_xlfn.IFS(C11<=50,7+10*(C11-1),C11<=110,507+25*(C11-51),C11<=170,2007+50*(C11-111),C11<=250,5007+50*(C11-171))} -> 97 | E11: {=IF(D11="","",_xlfn.IFS(D11<=500,"Top_500",D11<=2000,"501_2000",D11<=5000,"2001_5000",D11<=10000,"5001_10000"))} -> Top_500 | F11: 15912 | G11: 393 | H11: 46048 | I11: =A11 & "|" & B11 -> frothandbubble|Assault
A12: VARIIANT99 | B12: Assault | C12: =IF(ROW()=2,1,IF(B12<>B11,1,C11+1)) -> 11 | D12: {=_xlfn.IFS(C12<=50,7+10*(C12-1),C12<=110,507+25*(C12-51),C12<=170,2007+50*(C12-111),C12<=250,5007+50*(C12-171))} -> 107 | E12: {=IF(D12="","",_xlfn.IFS(D12<=500,"Top_500",D12<=2000,"501_2000",D12<=5000,"2001_5000",D12<=10000,"5001_10000"))} -> Top_500 | F12: 15421 | G12: 252 | H12: 46049 | I12: =A12 & "|" & B12 -> VARIIANT99|Assault
A13: Plasem | B13: Assault | C13: =IF(ROW()=2,1,IF(B13<>B12,1,C12+1)) -> 12 | D13: {=_xlfn.IFS(C13<=50,7+10*(C13-1),C13<=110,507+25*(C13-51),C13<=170,2007+50*(C13-111),C13<=250,5007+50*(C13-171))} -> 117 | E13: {=IF(D13="","",_xlfn.IFS(D13<=500,"Top_500",D13<=2000,"501_2000",D13<=5000,"2001_5000",D13<=10000,"5001_10000"))} -> Top_500 | F13: 14952 | G13: 381 | H13: 46049 | I13: =A13 & "|" & B13 -> Plasem|Assault
... A101: ARMIS-INVAR-RUSH | B101: Assault | C101: =IF(ROW()=2,1,IF(B101<>B100,1,C100+1)) -> 100 | D101: {=_xlfn.IFS(C101<=50,7+10*(C101-1),C101<=110,507+25*(C101-51),C101<=170,2007+50*(C101-111),C101<=250,5007+50*(C101-171))} -> 1732 | E101: {=IF(D101="","",_xlfn.IFS(D101<=500,"Top_500",D101<=2000,"501_2000",D101<=5000,"2001_5000",D101<=10000,"5001_10000"))} -> 501_2000 | F101: 7175 | G101: 107 | H101: 46051 | I101: =A101 & "|" & B101 -> ARMIS-INVAR-RUSH|Assault
B102: Assault | C102: =IF(ROW()=2,1,IF(B102<>B101,1,C101+1)) -> 101 | D102: {=_xlfn.IFS(C102<=50,7+10*(C102-1),C102<=110,507+25*(C102-51),C102<=170,2007+50*(C102-111),C102<=250,5007+50*(C102-171))} -> 1757 | E102: {=IF(D102="","",_xlfn.IFS(D102<=500,"Top_500",D102<=2000,"501_2000",D102<=5000,"2001_5000",D102<=10000,"5001_10000"))} -> 501_2000 | I102: =A102 & "|" & B102 -> |Assault
B103: Assault | C103: =IF(ROW()=2,1,IF(B103<>B102,1,C102+1)) -> 102 | D103: {=_xlfn.IFS(C103<=50,7+10*(C103-1),C103<=110,507+25*(C103-51),C103<=170,2007+50*(C103-111),C103<=250,5007+50*(C103-171))} -> 1782 | E103: {=IF(D103="","",_xlfn.IFS(D103<=500,"Top_500",D103<=2000,"501_2000",D103<=5000,"2001_5000",D103<=10000,"5001_10000"))} -> 501_2000 | I103: =A103 & "|" & B103 -> |Assault
B104: Assault | C104: =IF(ROW()=2,1,IF(B104<>B103,1,C103+1)) -> 103 | D104: {=_xlfn.IFS(C104<=50,7+10*(C104-1),C104<=110,507+25*(C104-51),C104<=170,2007+50*(C104-111),C104<=250,5007+50*(C104-171))} -> 1807 | E104: {=IF(D104="","",_xlfn.IFS(D104<=500,"Top_500",D104<=2000,"501_2000",D104<=5000,"2001_5000",D104<=10000,"5001_10000"))} -> 501_2000 | I104: =A104 & "|" & B104 -> |Assault
B105: Assault | C105: =IF(ROW()=2,1,IF(B105<>B104,1,C104+1)) -> 104 | D105: {=_xlfn.IFS(C105<=50,7+10*(C105-1),C105<=110,507+25*(C105-51),C105<=170,2007+50*(C105-111),C105<=250,5007+50*(C105-171))} -> 1832 | E105: {=IF(D105="","",_xlfn.IFS(D105<=500,"Top_500",D105<=2000,"501_2000",D105<=5000,"2001_5000",D105<=10000,"5001_10000"))} -> 501_2000 | I105: =A105 & "|" & B105 -> |Assault
B106: Assault | C106: =IF(ROW()=2,1,IF(B106<>B105,1,C105+1)) -> 105 | D106: {=_xlfn.IFS(C106<=50,7+10*(C106-1),C106<=110,507+25*(C106-51),C106<=170,2007+50*(C106-111),C106<=250,5007+50*(C106-171))} -> 1857 | E106: {=IF(D106="","",_xlfn.IFS(D106<=500,"Top_500",D106<=2000,"501_2000",D106<=5000,"2001_5000",D106<=10000,"5001_10000"))} -> 501_2000 | I106: =A106 & "|" & B106 -> |Assault
B107: Assault | C107: =IF(ROW()=2,1,IF(B107<>B106,1,C106+1)) -> 106 | D107: {=_xlfn.IFS(C107<=50,7+10*(C107-1),C107<=110,507+25*(C107-51),C107<=170,2007+50*(C107-111),C107<=250,5007+50*(C107-171))} -> 1882 | E107: {=IF(D107="","",_xlfn.IFS(D107<=500,"Top_500",D107<=2000,"501_2000",D107<=5000,"2001_5000",D107<=10000,"5001_10000"))} -> 501_2000 | I107: =A107 & "|" & B107 -> |Assault
B108: Assault | C108: =IF(ROW()=2,1,IF(B108<>B107,1,C107+1)) -> 107 | D108: {=_xlfn.IFS(C108<=50,7+10*(C108-1),C108<=110,507+25*(C108-51),C108<=170,2007+50*(C108-111),C108<=250,5007+50*(C108-171))} -> 1907 | E108: {=IF(D108="","",_xlfn.IFS(D108<=500,"Top_500",D108<=2000,"501_2000",D108<=5000,"2001_5000",D108<=10000,"5001_10000"))} -> 501_2000 | I108: =A108 & "|" & B108 -> |Assault
B109: Assault | C109: =IF(ROW()=2,1,IF(B109<>B108,1,C108+1)) -> 108 | D109: {=_xlfn.IFS(C109<=50,7+10*(C109-1),C109<=110,507+25*(C109-51),C109<=170,2007+50*(C109-111),C109<=250,5007+50*(C109-171))} -> 1932 | E109: {=IF(D109="","",_xlfn.IFS(D109<=500,"Top_500",D109<=2000,"501_2000",D109<=5000,"2001_5000",D109<=10000,"5001_10000"))} -> 501_2000 | I109: =A109 & "|" & B109 -> |Assault
B110: Assault | C110: =IF(ROW()=2,1,IF(B110<>B109,1,C109+1)) -> 109 | D110: {=_xlfn.IFS(C110<=50,7+10*(C110-1),C110<=110,507+25*(C110-51),C110<=170,2007+50*(C110-111),C110<=250,5007+50*(C110-171))} -> 1957 | E110: {=IF(D110="","",_xlfn.IFS(D110<=500,"Top_500",D110<=2000,"501_2000",D110<=5000,"2001_5000",D110<=10000,"5001_10000"))} -> 501_2000 | I110: =A110 & "|" & B110 -> |Assault
B111: Assault | C111: =IF(ROW()=2,1,IF(B111<>B110,1,C110+1)) -> 110 | D111: {=_xlfn.IFS(C111<=50,7+10*(C111-1),C111<=110,507+25*(C111-51),C111<=170,2007+50*(C111-111),C111<=250,5007+50*(C111-171))} -> 1982 | E111: {=IF(D111="","",_xlfn.IFS(D111<=500,"Top_500",D111<=2000,"501_2000",D111<=5000,"2001_5000",D111<=10000,"5001_10000"))} -> 501_2000 | I111: =A111 & "|" & B111 -> |Assault
B112: Assault | C112: =IF(ROW()=2,1,IF(B112<>B111,1,C111+1)) -> 111 | D112: {=_xlfn.IFS(C112<=50,7+10*(C112-1),C112<=110,507+25*(C112-51),C112<=170,2007+50*(C112-111),C112<=250,5007+50*(C112-171))} -> 2007 | E112: {=IF(D112="","",_xlfn.IFS(D112<=500,"Top_500",D112<=2000,"501_2000",D112<=5000,"2001_5000",D112<=10000,"5001_10000"))} -> 2001_5000 | I112: =A112 & "|" & B112 -> |Assault
B113: Assault | C113: =IF(ROW()=2,1,IF(B113<>B112,1,C112+1)) -> 112 | D113: {=_xlfn.IFS(C113<=50,7+10*(C113-1),C113<=110,507+25*(C113-51),C113<=170,2007+50*(C113-111),C113<=250,5007+50*(C113-171))} -> 2057 | E113: {=IF(D113="","",_xlfn.IFS(D113<=500,"Top_500",D113<=2000,"501_2000",D113<=5000,"2001_5000",D113<=10000,"5001_10000"))} -> 2001_5000 | I113: =A113 & "|" & B113 -> |Assault
... B251: Assault | C251: =IF(ROW()=2,1,IF(B251<>B250,1,C250+1)) -> 250 | D251: {=_xlfn.IFS(C251<=50,7+10*(C251-1),C251<=110,507+25*(C251-51),C251<=170,2007+50*(C251-111),C251<=250,5007+50*(C251-171))} -> 8957 | E251: {=IF(D251="","",_xlfn.IFS(D251<=500,"Top_500",D251<=2000,"501_2000",D251<=5000,"2001_5000",D251<=10000,"5001_10000"))} -> 5001_10000 | I251: =A251 & "|" & B251 -> |Assault
A252: gym-imperator-ju | B252: Engineer | C252: =IF(ROW()=2,1,IF(B252<>B251,1,C251+1)) -> 1 | D252: {=_xlfn.IFS(C252<=50,7+10*(C252-1),C252<=110,507+25*(C252-51),C252<=170,2007+50*(C252-111),C252<=250,5007+50*(C252-171))} -> 7 | E252: {=IF(D252="","",_xlfn.IFS(D252<=500,"Top_500",D252<=2000,"501_2000",D252<=5000,"2001_5000",D252<=10000,"5001_10000"))} -> Top_500 | F252: 21734 | G252: 299 | H252: 46048 | I252: =A252 & "|" & B252 -> gym-imperator-ju|Engineer
A253: Samyt4040 | B253: Engineer | C253: =IF(ROW()=2,1,IF(B253<>B252,1,C252+1)) -> 2 | D253: {=_xlfn.IFS(C253<=50,7+10*(C253-1),C253<=110,507+25*(C253-51),C253<=170,2007+50*(C253-111),C253<=250,5007+50*(C253-171))} -> 17 | E253: {=IF(D253="","",_xlfn.IFS(D253<=500,"Top_500",D253<=2000,"501_2000",D253<=5000,"2001_5000",D253<=10000,"5001_10000"))} -> Top_500 | F253: 18459 | G253: 145 | H253: 46048 | I253: =A253 & "|" & B253 -> Samyt4040|Engineer
A254: Dc-Duck | B254: Engineer | C254: =IF(ROW()=2,1,IF(B254<>B253,1,C253+1)) -> 3 | D254: {=_xlfn.IFS(C254<=50,7+10*(C254-1),C254<=110,507+25*(C254-51),C254<=170,2007+50*(C254-111),C254<=250,5007+50*(C254-171))} -> 27 | E254: {=IF(D254="","",_xlfn.IFS(D254<=500,"Top_500",D254<=2000,"501_2000",D254<=5000,"2001_5000",D254<=10000,"5001_10000"))} -> Top_500 | F254: 16655 | G254: 399 | H254: 46048 | I254: =A254 & "|" & B254 -> Dc-Duck|Engineer
A255: BIGBaNANaBender | B255: Engineer | C255: =IF(ROW()=2,1,IF(B255<>B254,1,C254+1)) -> 4 | D255: {=_xlfn.IFS(C255<=50,7+10*(C255-1),C255<=110,507+25*(C255-51),C255<=170,2007+50*(C255-111),C255<=250,5007+50*(C255-171))} -> 37 | E255: {=IF(D255="","",_xlfn.IFS(D255<=500,"Top_500",D255<=2000,"501_2000",D255<=5000,"2001_5000",D255<=10000,"5001_10000"))} -> Top_500 | F255: 15761 | G255: 310 | H255: 46048 | I255: =A255 & "|" & B255 -> BIGBaNANaBender|Engineer
A256: tangsifuuu | B256: Engineer | C256: =IF(ROW()=2,1,IF(B256<>B255,1,C255+1)) -> 5 | D256: {=_xlfn.IFS(C256<=50,7+10*(C256-1),C256<=110,507+25*(C256-51),C256<=170,2007+50*(C256-111),C256<=250,5007+50*(C256-171))} -> 47 | E256: {=IF(D256="","",_xlfn.IFS(D256<=500,"Top_500",D256<=2000,"501_2000",D256<=5000,"2001_5000",D256<=10000,"5001_10000"))} -> Top_500 | F256: 15141 | G256: 357 | H256: 46048 | I256: =A256 & "|" & B256 -> tangsifuuu|Engineer
A257: |bulletproof64 | B257: Engineer | C257: =IF(ROW()=2,1,IF(B257<>B256,1,C256+1)) -> 6 | D257: {=_xlfn.IFS(C257<=50,7+10*(C257-1),C257<=110,507+25*(C257-51),C257<=170,2007+50*(C257-111),C257<=250,5007+50*(C257-171))} -> 57 | E257: {=IF(D257="","",_xlfn.IFS(D257<=500,"Top_500",D257<=2000,"501_2000",D257<=5000,"2001_5000",D257<=10000,"5001_10000"))} -> Top_500 | F257: 14038 | G257: 176 | H257: 46048 | I257: =A257 & "|" & B257 -> |bulletproof64|Engineer
A258: SilverBullet479 | B258: Engineer | C258: =IF(ROW()=2,1,IF(B258<>B257,1,C257+1)) -> 7 | D258: {=_xlfn.IFS(C258<=50,7+10*(C258-1),C258<=110,507+25*(C258-51),C258<=170,2007+50*(C258-111),C258<=250,5007+50*(C258-171))} -> 67 | E258: {=IF(D258="","",_xlfn.IFS(D258<=500,"Top_500",D258<=2000,"501_2000",D258<=5000,"2001_5000",D258<=10000,"5001_10000"))} -> Top_500 | F258: 14557 | G258: 301 | H258: 46048 | I258: =A258 & "|" & B258 -> SilverBullet479|Engineer
A259: Formerly_AL | B259: Engineer | C259: =IF(ROW()=2,1,IF(B259<>B258,1,C258+1)) -> 8 | D259: {=_xlfn.IFS(C259<=50,7+10*(C259-1),C259<=110,507+25*(C259-51),C259<=170,2007+50*(C259-111),C259<=250,5007+50*(C259-171))} -> 77 | E259: {=IF(D259="","",_xlfn.IFS(D259<=500,"Top_500",D259<=2000,"501_2000",D259<=5000,"2001_5000",D259<=10000,"5001_10000"))} -> Top_500 | F259: 13465 | G259: 274 | H259: 46048 | I259: =A259 & "|" & B259 -> Formerly_AL|Engineer
A260: OleksandrEighty9 | B260: Engineer | C260: =IF(ROW()=2,1,IF(B260<>B259,1,C259+1)) -> 9 | D260: {=_xlfn.IFS(C260<=50,7+10*(C260-1),C260<=110,507+25*(C260-51),C260<=170,2007+50*(C260-111),C260<=250,5007+50*(C260-171))} -> 87 | E260: {=IF(D260="","",_xlfn.IFS(D260<=500,"Top_500",D260<=2000,"501_2000",D260<=5000,"2001_5000",D260<=10000,"5001_10000"))} -> Top_500 | F260: 13276 | G260: 388 | H260: 46048 | I260: =A260 & "|" & B260 -> OleksandrEighty9|Engineer
A261: CubanMafia | B261: Engineer | C261: =IF(ROW()=2,1,IF(B261<>B260,1,C260+1)) -> 10 | D261: {=_xlfn.IFS(C261<=50,7+10*(C261-1),C261<=110,507+25*(C261-51),C261<=170,2007+50*(C261-111),C261<=250,5007+50*(C261-171))} -> 97 | E261: {=IF(D261="","",_xlfn.IFS(D261<=500,"Top_500",D261<=2000,"501_2000",D261<=5000,"2001_5000",D261<=10000,"5001_10000"))} -> Top_500 | F261: 13737 | G261: 346 | H261: 46048 | I261: =A261 & "|" & B261 -> CubanMafia|Engineer
A262: NooterzXD | B262: Engineer | C262: =IF(ROW()=2,1,IF(B262<>B261,1,C261+1)) -> 11 | D262: {=_xlfn.IFS(C262<=50,7+10*(C262-1),C262<=110,507+25*(C262-51),C262<=170,2007+50*(C262-111),C262<=250,5007+50*(C262-171))} -> 107 | E262: {=IF(D262="","",_xlfn.IFS(D262<=500,"Top_500",D262<=2000,"501_2000",D262<=5000,"2001_5000",D262<=10000,"5001_10000"))} -> Top_500 | F262: 12749 | G262: 293 | H262: 46049 | I262: =A262 & "|" & B262 -> NooterzXD|Engineer
A263: ylari | B263: Engineer | C263: =IF(ROW()=2,1,IF(B263<>B262,1,C262+1)) -> 12 | D263: {=_xlfn.IFS(C263<=50,7+10*(C263-1),C263<=110,507+25*(C263-51),C263<=170,2007+50*(C263-111),C263<=250,5007+50*(C263-171))} -> 117 | E263: {=IF(D263="","",_xlfn.IFS(D263<=500,"Top_500",D263<=2000,"501_2000",D263<=5000,"2001_5000",D263<=10000,"5001_10000"))} -> Top_500 | F263: 15188 | G263: 213 | H263: 46049 | I263: =A263 & "|" & B263 -> ylari|Engineer
... A351: II STRICK9 II | B351: Engineer | C351: =IF(ROW()=2,1,IF(B351<>B350,1,C350+1)) -> 100 | D351: {=_xlfn.IFS(C351<=50,7+10*(C351-1),C351<=110,507+25*(C351-51),C351<=170,2007+50*(C351-111),C351<=250,5007+50*(C351-171))} -> 1732 | E351: {=IF(D351="","",_xlfn.IFS(D351<=500,"Top_500",D351<=2000,"501_2000",D351<=5000,"2001_5000",D351<=10000,"5001_10000"))} -> 501_2000 | F351: 6773 | G351: 233 | H351: 46052 | I351: =A351 & "|" & B351 -> II STRICK9 II|Engineer
B352: Engineer | C352: =IF(ROW()=2,1,IF(B352<>B351,1,C351+1)) -> 101 | D352: {=_xlfn.IFS(C352<=50,7+10*(C352-1),C352<=110,507+25*(C352-51),C352<=170,2007+50*(C352-111),C352<=250,5007+50*(C352-171))} -> 1757 | E352: {=IF(D352="","",_xlfn.IFS(D352<=500,"Top_500",D352<=2000,"501_2000",D352<=5000,"2001_5000",D352<=10000,"5001_10000"))} -> 501_2000 | I352: =A352 & "|" & B352 -> |Engineer
B353: Engineer | C353: =IF(ROW()=2,1,IF(B353<>B352,1,C352+1)) -> 102 | D353: {=_xlfn.IFS(C353<=50,7+10*(C353-1),C353<=110,507+25*(C353-51),C353<=170,2007+50*(C353-111),C353<=250,5007+50*(C353-171))} -> 1782 | E353: {=IF(D353="","",_xlfn.IFS(D353<=500,"Top_500",D353<=2000,"501_2000",D353<=5000,"2001_5000",D353<=10000,"5001_10000"))} -> 501_2000 | I353: =A353 & "|" & B353 -> |Engineer
B354: Engineer | C354: =IF(ROW()=2,1,IF(B354<>B353,1,C353+1)) -> 103 | D354: {=_xlfn.IFS(C354<=50,7+10*(C354-1),C354<=110,507+25*(C354-51),C354<=170,2007+50*(C354-111),C354<=250,5007+50*(C354-171))} -> 1807 | E354: {=IF(D354="","",_xlfn.IFS(D354<=500,"Top_500",D354<=2000,"501_2000",D354<=5000,"2001_5000",D354<=10000,"5001_10000"))} -> 501_2000 | I354: =A354 & "|" & B354 -> |Engineer
B355: Engineer | C355: =IF(ROW()=2,1,IF(B355<>B354,1,C354+1)) -> 104 | D355: {=_xlfn.IFS(C355<=50,7+10*(C355-1),C355<=110,507+25*(C355-51),C355<=170,2007+50*(C355-111),C355<=250,5007+50*(C355-171))} -> 1832 | E355: {=IF(D355="","",_xlfn.IFS(D355<=500,"Top_500",D355<=2000,"501_2000",D355<=5000,"2001_5000",D355<=10000,"5001_10000"))} -> 501_2000 | I355: =A355 & "|" & B355 -> |Engineer
B356: Engineer | C356: =IF(ROW()=2,1,IF(B356<>B355,1,C355+1)) -> 105 | D356: {=_xlfn.IFS(C356<=50,7+10*(C356-1),C356<=110,507+25*(C356-51),C356<=170,2007+50*(C356-111),C356<=250,5007+50*(C356-171))} -> 1857 | E356: {=IF(D356="","",_xlfn.IFS(D356<=500,"Top_500",D356<=2000,"501_2000",D356<=5000,"2001_5000",D356<=10000,"5001_10000"))} -> 501_2000 | I356: =A356 & "|" & B356 -> |Engineer
B357: Engineer | C357: =IF(ROW()=2,1,IF(B357<>B356,1,C356+1)) -> 106 | D357: {=_xlfn.IFS(C357<=50,7+10*(C357-1),C357<=110,507+25*(C357-51),C357<=170,2007+50*(C357-111),C357<=250,5007+50*(C357-171))} -> 1882 | E357: {=IF(D357="","",_xlfn.IFS(D357<=500,"Top_500",D357<=2000,"501_2000",D357<=5000,"2001_5000",D357<=10000,"5001_10000"))} -> 501_2000 | I357: =A357 & "|" & B357 -> |Engineer
B358: Engineer | C358: =IF(ROW()=2,1,IF(B358<>B357,1,C357+1)) -> 107 | D358: {=_xlfn.IFS(C358<=50,7+10*(C358-1),C358<=110,507+25*(C358-51),C358<=170,2007+50*(C358-111),C358<=250,5007+50*(C358-171))} -> 1907 | E358: {=IF(D358="","",_xlfn.IFS(D358<=500,"Top_500",D358<=2000,"501_2000",D358<=5000,"2001_5000",D358<=10000,"5001_10000"))} -> 501_2000 | I358: =A358 & "|" & B358 -> |Engineer
B359: Engineer | C359: =IF(ROW()=2,1,IF(B359<>B358,1,C358+1)) -> 108 | D359: {=_xlfn.IFS(C359<=50,7+10*(C359-1),C359<=110,507+25*(C359-51),C359<=170,2007+50*(C359-111),C359<=250,5007+50*(C359-171))} -> 1932 | E359: {=IF(D359="","",_xlfn.IFS(D359<=500,"Top_500",D359<=2000,"501_2000",D359<=5000,"2001_5000",D359<=10000,"5001_10000"))} -> 501_2000 | I359: =A359 & "|" & B359 -> |Engineer
B360: Engineer | C360: =IF(ROW()=2,1,IF(B360<>B359,1,C359+1)) -> 109 | D360: {=_xlfn.IFS(C360<=50,7+10*(C360-1),C360<=110,507+25*(C360-51),C360<=170,2007+50*(C360-111),C360<=250,5007+50*(C360-171))} -> 1957 | E360: {=IF(D360="","",_xlfn.IFS(D360<=500,"Top_500",D360<=2000,"501_2000",D360<=5000,"2001_5000",D360<=10000,"5001_10000"))} -> 501_2000 | I360: =A360 & "|" & B360 -> |Engineer
B361: Engineer | C361: =IF(ROW()=2,1,IF(B361<>B360,1,C360+1)) -> 110 | D361: {=_xlfn.IFS(C361<=50,7+10*(C361-1),C361<=110,507+25*(C361-51),C361<=170,2007+50*(C361-111),C361<=250,5007+50*(C361-171))} -> 1982 | E361: {=IF(D361="","",_xlfn.IFS(D361<=500,"Top_500",D361<=2000,"501_2000",D361<=5000,"2001_5000",D361<=10000,"5001_10000"))} -> 501_2000 | I361: =A361 & "|" & B361 -> |Engineer
B362: Engineer | C362: =IF(ROW()=2,1,IF(B362<>B361,1,C361+1)) -> 111 | D362: {=_xlfn.IFS(C362<=50,7+10*(C362-1),C362<=110,507+25*(C362-51),C362<=170,2007+50*(C362-111),C362<=250,5007+50*(C362-171))} -> 2007 | E362: {=IF(D362="","",_xlfn.IFS(D362<=500,"Top_500",D362<=2000,"501_2000",D362<=5000,"2001_5000",D362<=10000,"5001_10000"))} -> 2001_5000 | I362: =A362 & "|" & B362 -> |Engineer
B363: Engineer | C363: =IF(ROW()=2,1,IF(B363<>B362,1,C362+1)) -> 112 | D363: {=_xlfn.IFS(C363<=50,7+10*(C363-1),C363<=110,507+25*(C363-51),C363<=170,2007+50*(C363-111),C363<=250,5007+50*(C363-171))} -> 2057 | E363: {=IF(D363="","",_xlfn.IFS(D363<=500,"Top_500",D363<=2000,"501_2000",D363<=5000,"2001_5000",D363<=10000,"5001_10000"))} -> 2001_5000 | I363: =A363 & "|" & B363 -> |Engineer
... B501: Engineer | C501: =IF(ROW()=2,1,IF(B501<>B500,1,C500+1)) -> 250 | D501: {=_xlfn.IFS(C501<=50,7+10*(C501-1),C501<=110,507+25*(C501-51),C501<=170,2007+50*(C501-111),C501<=250,5007+50*(C501-171))} -> 8957 | E501: {=IF(D501="","",_xlfn.IFS(D501<=500,"Top_500",D501<=2000,"501_2000",D501<=5000,"2001_5000",D501<=10000,"5001_10000"))} -> 5001_10000 | I501: =A501 & "|" & B501 -> |Engineer
A502: ImKruss | B502: Recon | C502: =IF(ROW()=2,1,IF(B502<>B501,1,C501+1)) -> 1 | D502: {=_xlfn.IFS(C502<=50,7+10*(C502-1),C502<=110,507+25*(C502-51),C502<=170,2007+50*(C502-111),C502<=250,5007+50*(C502-171))} -> 7 | E502: {=IF(D502="","",_xlfn.IFS(D502<=500,"Top_500",D502<=2000,"501_2000",D502<=5000,"2001_5000",D502<=10000,"5001_10000"))} -> Top_500 | F502: 21169 | G502: 476 | H502: 46048 | I502: =A502 & "|" & B502 -> ImKruss|Recon
A503: RASHxYT | B503: Recon | C503: =IF(ROW()=2,1,IF(B503<>B502,1,C502+1)) -> 2 | D503: {=_xlfn.IFS(C503<=50,7+10*(C503-1),C503<=110,507+25*(C503-51),C503<=170,2007+50*(C503-111),C503<=250,5007+50*(C503-171))} -> 17 | E503: {=IF(D503="","",_xlfn.IFS(D503<=500,"Top_500",D503<=2000,"501_2000",D503<=5000,"2001_5000",D503<=10000,"5001_10000"))} -> Top_500 | F503: 17330 | G503: 285 | H503: 46048 | I503: =A503 & "|" & B503 -> RASHxYT|Recon
A504: AutomotiveVP | B504: Recon | C504: =IF(ROW()=2,1,IF(B504<>B503,1,C503+1)) -> 3 | D504: {=_xlfn.IFS(C504<=50,7+10*(C504-1),C504<=110,507+25*(C504-51),C504<=170,2007+50*(C504-111),C504<=250,5007+50*(C504-171))} -> 27 | E504: {=IF(D504="","",_xlfn.IFS(D504<=500,"Top_500",D504<=2000,"501_2000",D504<=5000,"2001_5000",D504<=10000,"5001_10000"))} -> Top_500 | F504: 15653 | G504: 267 | H504: 46048 | I504: =A504 & "|" & B504 -> AutomotiveVP|Recon
A505: O_WOLF_SNIPER_O | B505: Recon | C505: =IF(ROW()=2,1,IF(B505<>B504,1,C504+1)) -> 4 | D505: {=_xlfn.IFS(C505<=50,7+10*(C505-1),C505<=110,507+25*(C505-51),C505<=170,2007+50*(C505-111),C505<=250,5007+50*(C505-171))} -> 37 | E505: {=IF(D505="","",_xlfn.IFS(D505<=500,"Top_500",D505<=2000,"501_2000",D505<=5000,"2001_5000",D505<=10000,"5001_10000"))} -> Top_500 | F505: 14343 | G505: 298 | H505: 46048 | I505: =A505 & "|" & B505 -> O_WOLF_SNIPER_O|Recon
A506: Colonel_Ghostman | B506: Recon | C506: =IF(ROW()=2,1,IF(B506<>B505,1,C505+1)) -> 5 | D506: {=_xlfn.IFS(C506<=50,7+10*(C506-1),C506<=110,507+25*(C506-51),C506<=170,2007+50*(C506-111),C506<=250,5007+50*(C506-171))} -> 47 | E506: {=IF(D506="","",_xlfn.IFS(D506<=500,"Top_500",D506<=2000,"501_2000",D506<=5000,"2001_5000",D506<=10000,"5001_10000"))} -> Top_500 | F506: 13314 | G506: 321 | H506: 46048 | I506: =A506 & "|" & B506 -> Colonel_Ghostman|Recon
A507: Baaghdaddy | B507: Recon | C507: =IF(ROW()=2,1,IF(B507<>B506,1,C506+1)) -> 6 | D507: {=_xlfn.IFS(C507<=50,7+10*(C507-1),C507<=110,507+25*(C507-51),C507<=170,2007+50*(C507-111),C507<=250,5007+50*(C507-171))} -> 57 | E507: {=IF(D507="","",_xlfn.IFS(D507<=500,"Top_500",D507<=2000,"501_2000",D507<=5000,"2001_5000",D507<=10000,"5001_10000"))} -> Top_500 | F507: 12787 | G507: 266 | H507: 46048 | I507: =A507 & "|" & B507 -> Baaghdaddy|Recon
A508: chrischwa_75 | B508: Recon | C508: =IF(ROW()=2,1,IF(B508<>B507,1,C507+1)) -> 7 | D508: {=_xlfn.IFS(C508<=50,7+10*(C508-1),C508<=110,507+25*(C508-51),C508<=170,2007+50*(C508-111),C508<=250,5007+50*(C508-171))} -> 67 | E508: {=IF(D508="","",_xlfn.IFS(D508<=500,"Top_500",D508<=2000,"501_2000",D508<=5000,"2001_5000",D508<=10000,"5001_10000"))} -> Top_500 | F508: 12439 | G508: 115 | H508: 46048 | I508: =A508 & "|" & B508 -> chrischwa_75|Recon
A509: Tha_Gingerbread | B509: Recon | C509: =IF(ROW()=2,1,IF(B509<>B508,1,C508+1)) -> 8 | D509: {=_xlfn.IFS(C509<=50,7+10*(C509-1),C509<=110,507+25*(C509-51),C509<=170,2007+50*(C509-111),C509<=250,5007+50*(C509-171))} -> 77 | E509: {=IF(D509="","",_xlfn.IFS(D509<=500,"Top_500",D509<=2000,"501_2000",D509<=5000,"2001_5000",D509<=10000,"5001_10000"))} -> Top_500 | F509: 11845 | G509: 354 | H509: 46048 | I509: =A509 & "|" & B509 -> Tha_Gingerbread|Recon
A510: Heimi72 | B510: Recon | C510: =IF(ROW()=2,1,IF(B510<>B509,1,C509+1)) -> 9 | D510: {=_xlfn.IFS(C510<=50,7+10*(C510-1),C510<=110,507+25*(C510-51),C510<=170,2007+50*(C510-111),C510<=250,5007+50*(C510-171))} -> 87 | E510: {=IF(D510="","",_xlfn.IFS(D510<=500,"Top_500",D510<=2000,"501_2000",D510<=5000,"2001_5000",D510<=10000,"5001_10000"))} -> Top_500 | F510: 12431 | G510: 181 | H510: 46048 | I510: =A510 & "|" & B510 -> Heimi72|Recon
A511: Slimline67 | B511: Recon | C511: =IF(ROW()=2,1,IF(B511<>B510,1,C510+1)) -> 10 | D511: {=_xlfn.IFS(C511<=50,7+10*(C511-1),C511<=110,507+25*(C511-51),C511<=170,2007+50*(C511-111),C511<=250,5007+50*(C511-171))} -> 97 | E511: {=IF(D511="","",_xlfn.IFS(D511<=500,"Top_500",D511<=2000,"501_2000",D511<=5000,"2001_5000",D511<=10000,"5001_10000"))} -> Top_500 | F511: 13829 | G511: 189 | H511: 46048 | I511: =A511 & "|" & B511 -> Slimline67|Recon
A512: Eucharion | B512: Recon | C512: =IF(ROW()=2,1,IF(B512<>B511,1,C511+1)) -> 11 | D512: {=_xlfn.IFS(C512<=50,7+10*(C512-1),C512<=110,507+25*(C512-51),C512<=170,2007+50*(C512-111),C512<=250,5007+50*(C512-171))} -> 107 | E512: {=IF(D512="","",_xlfn.IFS(D512<=500,"Top_500",D512<=2000,"501_2000",D512<=5000,"2001_5000",D512<=10000,"5001_10000"))} -> Top_500 | F512: 11174 | G512: 262 | H512: 46049 | I512: =A512 & "|" & B512 -> Eucharion|Recon
A513: llZeroHeroll | B513: Recon | C513: =IF(ROW()=2,1,IF(B513<>B512,1,C512+1)) -> 12 | D513: {=_xlfn.IFS(C513<=50,7+10*(C513-1),C513<=110,507+25*(C513-51),C513<=170,2007+50*(C513-111),C513<=250,5007+50*(C513-171))} -> 117 | E513: {=IF(D513="","",_xlfn.IFS(D513<=500,"Top_500",D513<=2000,"501_2000",D513<=5000,"2001_5000",D513<=10000,"5001_10000"))} -> Top_500 | F513: 10801 | G513: 197 | H513: 46049 | I513: =A513 & "|" & B513 -> llZeroHeroll|Recon
... A601: Kiu8 | B601: Recon | C601: =IF(ROW()=2,1,IF(B601<>B600,1,C600+1)) -> 100 | D601: {=_xlfn.IFS(C601<=50,7+10*(C601-1),C601<=110,507+25*(C601-51),C601<=170,2007+50*(C601-111),C601<=250,5007+50*(C601-171))} -> 1732 | E601: {=IF(D601="","",_xlfn.IFS(D601<=500,"Top_500",D601<=2000,"501_2000",D601<=5000,"2001_5000",D601<=10000,"5001_10000"))} -> 501_2000 | F601: 5821 | G601: 150 | H601: 46053 | I601: =A601 & "|" & B601 -> Kiu8|Recon
B602: Recon | C602: =IF(ROW()=2,1,IF(B602<>B601,1,C601+1)) -> 101 | D602: {=_xlfn.IFS(C602<=50,7+10*(C602-1),C602<=110,507+25*(C602-51),C602<=170,2007+50*(C602-111),C602<=250,5007+50*(C602-171))} -> 1757 | E602: {=IF(D602="","",_xlfn.IFS(D602<=500,"Top_500",D602<=2000,"501_2000",D602<=5000,"2001_5000",D602<=10000,"5001_10000"))} -> 501_2000 | I602: =A602 & "|" & B602 -> |Recon
B603: Recon | C603: =IF(ROW()=2,1,IF(B603<>B602,1,C602+1)) -> 102 | D603: {=_xlfn.IFS(C603<=50,7+10*(C603-1),C603<=110,507+25*(C603-51),C603<=170,2007+50*(C603-111),C603<=250,5007+50*(C603-171))} -> 1782 | E603: {=IF(D603="","",_xlfn.IFS(D603<=500,"Top_500",D603<=2000,"501_2000",D603<=5000,"2001_5000",D603<=10000,"5001_10000"))} -> 501_2000 | I603: =A603 & "|" & B603 -> |Recon
B604: Recon | C604: =IF(ROW()=2,1,IF(B604<>B603,1,C603+1)) -> 103 | D604: {=_xlfn.IFS(C604<=50,7+10*(C604-1),C604<=110,507+25*(C604-51),C604<=170,2007+50*(C604-111),C604<=250,5007+50*(C604-171))} -> 1807 | E604: {=IF(D604="","",_xlfn.IFS(D604<=500,"Top_500",D604<=2000,"501_2000",D604<=5000,"2001_5000",D604<=10000,"5001_10000"))} -> 501_2000 | I604: =A604 & "|" & B604 -> |Recon
B605: Recon | C605: =IF(ROW()=2,1,IF(B605<>B604,1,C604+1)) -> 104 | D605: {=_xlfn.IFS(C605<=50,7+10*(C605-1),C605<=110,507+25*(C605-51),C605<=170,2007+50*(C605-111),C605<=250,5007+50*(C605-171))} -> 1832 | E605: {=IF(D605="","",_xlfn.IFS(D605<=500,"Top_500",D605<=2000,"501_2000",D605<=5000,"2001_5000",D605<=10000,"5001_10000"))} -> 501_2000 | I605: =A605 & "|" & B605 -> |Recon
B606: Recon | C606: =IF(ROW()=2,1,IF(B606<>B605,1,C605+1)) -> 105 | D606: {=_xlfn.IFS(C606<=50,7+10*(C606-1),C606<=110,507+25*(C606-51),C606<=170,2007+50*(C606-111),C606<=250,5007+50*(C606-171))} -> 1857 | E606: {=IF(D606="","",_xlfn.IFS(D606<=500,"Top_500",D606<=2000,"501_2000",D606<=5000,"2001_5000",D606<=10000,"5001_10000"))} -> 501_2000 | I606: =A606 & "|" & B606 -> |Recon
B607: Recon | C607: =IF(ROW()=2,1,IF(B607<>B606,1,C606+1)) -> 106 | D607: {=_xlfn.IFS(C607<=50,7+10*(C607-1),C607<=110,507+25*(C607-51),C607<=170,2007+50*(C607-111),C607<=250,5007+50*(C607-171))} -> 1882 | E607: {=IF(D607="","",_xlfn.IFS(D607<=500,"Top_500",D607<=2000,"501_2000",D607<=5000,"2001_5000",D607<=10000,"5001_10000"))} -> 501_2000 | I607: =A607 & "|" & B607 -> |Recon
B608: Recon | C608: =IF(ROW()=2,1,IF(B608<>B607,1,C607+1)) -> 107 | D608: {=_xlfn.IFS(C608<=50,7+10*(C608-1),C608<=110,507+25*(C608-51),C608<=170,2007+50*(C608-111),C608<=250,5007+50*(C608-171))} -> 1907 | E608: {=IF(D608="","",_xlfn.IFS(D608<=500,"Top_500",D608<=2000,"501_2000",D608<=5000,"2001_5000",D608<=10000,"5001_10000"))} -> 501_2000 | I608: =A608 & "|" & B608 -> |Recon
B609: Recon | C609: =IF(ROW()=2,1,IF(B609<>B608,1,C608+1)) -> 108 | D609: {=_xlfn.IFS(C609<=50,7+10*(C609-1),C609<=110,507+25*(C609-51),C609<=170,2007+50*(C609-111),C609<=250,5007+50*(C609-171))} -> 1932 | E609: {=IF(D609="","",_xlfn.IFS(D609<=500,"Top_500",D609<=2000,"501_2000",D609<=5000,"2001_5000",D609<=10000,"5001_10000"))} -> 501_2000 | I609: =A609 & "|" & B609 -> |Recon
B610: Recon | C610: =IF(ROW()=2,1,IF(B610<>B609,1,C609+1)) -> 109 | D610: {=_xlfn.IFS(C610<=50,7+10*(C610-1),C610<=110,507+25*(C610-51),C610<=170,2007+50*(C610-111),C610<=250,5007+50*(C610-171))} -> 1957 | E610: {=IF(D610="","",_xlfn.IFS(D610<=500,"Top_500",D610<=2000,"501_2000",D610<=5000,"2001_5000",D610<=10000,"5001_10000"))} -> 501_2000 | I610: =A610 & "|" & B610 -> |Recon
B611: Recon | C611: =IF(ROW()=2,1,IF(B611<>B610,1,C610+1)) -> 110 | D611: {=_xlfn.IFS(C611<=50,7+10*(C611-1),C611<=110,507+25*(C611-51),C611<=170,2007+50*(C611-111),C611<=250,5007+50*(C611-171))} -> 1982 | E611: {=IF(D611="","",_xlfn.IFS(D611<=500,"Top_500",D611<=2000,"501_2000",D611<=5000,"2001_5000",D611<=10000,"5001_10000"))} -> 501_2000 | I611: =A611 & "|" & B611 -> |Recon
B612: Recon | C612: =IF(ROW()=2,1,IF(B612<>B611,1,C611+1)) -> 111 | D612: {=_xlfn.IFS(C612<=50,7+10*(C612-1),C612<=110,507+25*(C612-51),C612<=170,2007+50*(C612-111),C612<=250,5007+50*(C612-171))} -> 2007 | E612: {=IF(D612="","",_xlfn.IFS(D612<=500,"Top_500",D612<=2000,"501_2000",D612<=5000,"2001_5000",D612<=10000,"5001_10000"))} -> 2001_5000 | I612: =A612 & "|" & B612 -> |Recon
B613: Recon | C613: =IF(ROW()=2,1,IF(B613<>B612,1,C612+1)) -> 112 | D613: {=_xlfn.IFS(C613<=50,7+10*(C613-1),C613<=110,507+25*(C613-51),C613<=170,2007+50*(C613-111),C613<=250,5007+50*(C613-171))} -> 2057 | E613: {=IF(D613="","",_xlfn.IFS(D613<=500,"Top_500",D613<=2000,"501_2000",D613<=5000,"2001_5000",D613<=10000,"5001_10000"))} -> 2001_5000 | I613: =A613 & "|" & B613 -> |Recon
... B751: Recon | C751: =IF(ROW()=2,1,IF(B751<>B750,1,C750+1)) -> 250 | D751: {=_xlfn.IFS(C751<=50,7+10*(C751-1),C751<=110,507+25*(C751-51),C751<=170,2007+50*(C751-111),C751<=250,5007+50*(C751-171))} -> 8957 | E751: {=IF(D751="","",_xlfn.IFS(D751<=500,"Top_500",D751<=2000,"501_2000",D751<=5000,"2001_5000",D751<=10000,"5001_10000"))} -> 5001_10000 | I751: =A751 & "|" & B751 -> |Recon
A752: R3NAULT125 | B752: Support | C752: =IF(ROW()=2,1,IF(B752<>B751,1,C751+1)) -> 1 | D752: {=_xlfn.IFS(C752<=50,7+10*(C752-1),C752<=110,507+25*(C752-51),C752<=170,2007+50*(C752-111),C752<=250,5007+50*(C752-171))} -> 7 | E752: {=IF(D752="","",_xlfn.IFS(D752<=500,"Top_500",D752<=2000,"501_2000",D752<=5000,"2001_5000",D752<=10000,"5001_10000"))} -> Top_500 | F752: 27265 | G752: 391 | H752: 46048 | I752: =A752 & "|" & B752 -> R3NAULT125|Support
A753: HerEmpathy | B753: Support | C753: =IF(ROW()=2,1,IF(B753<>B752,1,C752+1)) -> 2 | D753: {=_xlfn.IFS(C753<=50,7+10*(C753-1),C753<=110,507+25*(C753-51),C753<=170,2007+50*(C753-111),C753<=250,5007+50*(C753-171))} -> 17 | E753: {=IF(D753="","",_xlfn.IFS(D753<=500,"Top_500",D753<=2000,"501_2000",D753<=5000,"2001_5000",D753<=10000,"5001_10000"))} -> Top_500 | F753: 24034 | G753: 616 | H753: 46048 | I753: =A753 & "|" & B753 -> HerEmpathy|Support
A754: TricksterX21 | B754: Support | C754: =IF(ROW()=2,1,IF(B754<>B753,1,C753+1)) -> 3 | D754: {=_xlfn.IFS(C754<=50,7+10*(C754-1),C754<=110,507+25*(C754-51),C754<=170,2007+50*(C754-111),C754<=250,5007+50*(C754-171))} -> 27 | E754: {=IF(D754="","",_xlfn.IFS(D754<=500,"Top_500",D754<=2000,"501_2000",D754<=5000,"2001_5000",D754<=10000,"5001_10000"))} -> Top_500 | F754: 21976 | G754: 314 | H754: 46048 | I754: =A754 & "|" & B754 -> TricksterX21|Support
A755: BREOGAN89 | B755: Support | C755: =IF(ROW()=2,1,IF(B755<>B754,1,C754+1)) -> 4 | D755: {=_xlfn.IFS(C755<=50,7+10*(C755-1),C755<=110,507+25*(C755-51),C755<=170,2007+50*(C755-111),C755<=250,5007+50*(C755-171))} -> 37 | E755: {=IF(D755="","",_xlfn.IFS(D755<=500,"Top_500",D755<=2000,"501_2000",D755<=5000,"2001_5000",D755<=10000,"5001_10000"))} -> Top_500 | F755: 20442 | G755: 524 | H755: 46048 | I755: =A755 & "|" & B755 -> BREOGAN89|Support
A756: CTGxCBLostSoulx | B756: Support | C756: =IF(ROW()=2,1,IF(B756<>B755,1,C755+1)) -> 5 | D756: {=_xlfn.IFS(C756<=50,7+10*(C756-1),C756<=110,507+25*(C756-51),C756<=170,2007+50*(C756-111),C756<=250,5007+50*(C756-171))} -> 47 | E756: {=IF(D756="","",_xlfn.IFS(D756<=500,"Top_500",D756<=2000,"501_2000",D756<=5000,"2001_5000",D756<=10000,"5001_10000"))} -> Top_500 | F756: 19357 | G756: 421 | H756: 46049 | I756: =A756 & "|" & B756 -> CTGxCBLostSoulx|Support
A757: 1st-GrimReaper | B757: Support | C757: =IF(ROW()=2,1,IF(B757<>B756,1,C756+1)) -> 6 | D757: {=_xlfn.IFS(C757<=50,7+10*(C757-1),C757<=110,507+25*(C757-51),C757<=170,2007+50*(C757-111),C757<=250,5007+50*(C757-171))} -> 57 | E757: {=IF(D757="","",_xlfn.IFS(D757<=500,"Top_500",D757<=2000,"501_2000",D757<=5000,"2001_5000",D757<=10000,"5001_10000"))} -> Top_500 | F757: 18470 | G757: 387 | H757: 46048 | I757: =A757 & "|" & B757 -> 1st-GrimReaper|Support
A758: Clay-_-x | B758: Support | C758: =IF(ROW()=2,1,IF(B758<>B757,1,C757+1)) -> 7 | D758: {=_xlfn.IFS(C758<=50,7+10*(C758-1),C758<=110,507+25*(C758-51),C758<=170,2007+50*(C758-111),C758<=250,5007+50*(C758-171))} -> 67 | E758: {=IF(D758="","",_xlfn.IFS(D758<=500,"Top_500",D758<=2000,"501_2000",D758<=5000,"2001_5000",D758<=10000,"5001_10000"))} -> Top_500 | F758: 18210 | G758: 231 | H758: 46048 | I758: =A758 & "|" & B758 -> Clay-_-x|Support
A759: o3koga | B759: Support | C759: =IF(ROW()=2,1,IF(B759<>B758,1,C758+1)) -> 8 | D759: {=_xlfn.IFS(C759<=50,7+10*(C759-1),C759<=110,507+25*(C759-51),C759<=170,2007+50*(C759-111),C759<=250,5007+50*(C759-171))} -> 77 | E759: {=IF(D759="","",_xlfn.IFS(D759<=500,"Top_500",D759<=2000,"501_2000",D759<=5000,"2001_5000",D759<=10000,"5001_10000"))} -> Top_500 | F759: 17752 | G759: 322 | H759: 46048 | I759: =A759 & "|" & B759 -> o3koga|Support
A760: Veh | B760: Support | C760: =IF(ROW()=2,1,IF(B760<>B759,1,C759+1)) -> 9 | D760: {=_xlfn.IFS(C760<=50,7+10*(C760-1),C760<=110,507+25*(C760-51),C760<=170,2007+50*(C760-111),C760<=250,5007+50*(C760-171))} -> 87 | E760: {=IF(D760="","",_xlfn.IFS(D760<=500,"Top_500",D760<=2000,"501_2000",D760<=5000,"2001_5000",D760<=10000,"5001_10000"))} -> Top_500 | F760: 17081 | G760: 107 | H760: 46048 | I760: =A760 & "|" & B760 -> Veh|Support
A761: l_0NeaL_l | B761: Support | C761: =IF(ROW()=2,1,IF(B761<>B760,1,C760+1)) -> 10 | D761: {=_xlfn.IFS(C761<=50,7+10*(C761-1),C761<=110,507+25*(C761-51),C761<=170,2007+50*(C761-111),C761<=250,5007+50*(C761-171))} -> 97 | E761: {=IF(D761="","",_xlfn.IFS(D761<=500,"Top_500",D761<=2000,"501_2000",D761<=5000,"2001_5000",D761<=10000,"5001_10000"))} -> Top_500 | F761: 17048 | G761: 234 | H761: 46048 | I761: =A761 & "|" & B761 -> l_0NeaL_l|Support
A762: CptShoook | B762: Support | C762: =IF(ROW()=2,1,IF(B762<>B761,1,C761+1)) -> 11 | D762: {=_xlfn.IFS(C762<=50,7+10*(C762-1),C762<=110,507+25*(C762-51),C762<=170,2007+50*(C762-111),C762<=250,5007+50*(C762-171))} -> 107 | E762: {=IF(D762="","",_xlfn.IFS(D762<=500,"Top_500",D762<=2000,"501_2000",D762<=5000,"2001_5000",D762<=10000,"5001_10000"))} -> Top_500 | F762: 17213 | G762: 376 | H762: 46049 | I762: =A762 & "|" & B762 -> CptShoook|Support
A763: soju | B763: Support | C763: =IF(ROW()=2,1,IF(B763<>B762,1,C762+1)) -> 12 | D763: {=_xlfn.IFS(C763<=50,7+10*(C763-1),C763<=110,507+25*(C763-51),C763<=170,2007+50*(C763-111),C763<=250,5007+50*(C763-171))} -> 117 | E763: {=IF(D763="","",_xlfn.IFS(D763<=500,"Top_500",D763<=2000,"501_2000",D763<=5000,"2001_5000",D763<=10000,"5001_10000"))} -> Top_500 | F763: 16249 | G763: 311 | H763: 46049 | I763: =A763 & "|" & B763 -> soju|Support
... A851: sF-S1D656TTV | B851: Support | C851: =IF(ROW()=2,1,IF(B851<>B850,1,C850+1)) -> 100 | D851: {=_xlfn.IFS(C851<=50,7+10*(C851-1),C851<=110,507+25*(C851-51),C851<=170,2007+50*(C851-111),C851<=250,5007+50*(C851-171))} -> 1732 | E851: {=IF(D851="","",_xlfn.IFS(D851<=500,"Top_500",D851<=2000,"501_2000",D851<=5000,"2001_5000",D851<=10000,"5001_10000"))} -> 501_2000 | F851: 9192 | G851: 154 | H851: 46056 | I851: =A851 & "|" & B851 -> sF-S1D656TTV|Support
B852: Support | C852: =IF(ROW()=2,1,IF(B852<>B851,1,C851+1)) -> 101 | D852: {=_xlfn.IFS(C852<=50,7+10*(C852-1),C852<=110,507+25*(C852-51),C852<=170,2007+50*(C852-111),C852<=250,5007+50*(C852-171))} -> 1757 | E852: {=IF(D852="","",_xlfn.IFS(D852<=500,"Top_500",D852<=2000,"501_2000",D852<=5000,"2001_5000",D852<=10000,"5001_10000"))} -> 501_2000 | I852: =A852 & "|" & B852 -> |Support
B853: Support | C853: =IF(ROW()=2,1,IF(B853<>B852,1,C852+1)) -> 102 | D853: {=_xlfn.IFS(C853<=50,7+10*(C853-1),C853<=110,507+25*(C853-51),C853<=170,2007+50*(C853-111),C853<=250,5007+50*(C853-171))} -> 1782 | E853: {=IF(D853="","",_xlfn.IFS(D853<=500,"Top_500",D853<=2000,"501_2000",D853<=5000,"2001_5000",D853<=10000,"5001_10000"))} -> 501_2000 | I853: =A853 & "|" & B853 -> |Support
B854: Support | C854: =IF(ROW()=2,1,IF(B854<>B853,1,C853+1)) -> 103 | D854: {=_xlfn.IFS(C854<=50,7+10*(C854-1),C854<=110,507+25*(C854-51),C854<=170,2007+50*(C854-111),C854<=250,5007+50*(C854-171))} -> 1807 | E854: {=IF(D854="","",_xlfn.IFS(D854<=500,"Top_500",D854<=2000,"501_2000",D854<=5000,"2001_5000",D854<=10000,"5001_10000"))} -> 501_2000 | I854: =A854 & "|" & B854 -> |Support
B855: Support | C855: =IF(ROW()=2,1,IF(B855<>B854,1,C854+1)) -> 104 | D855: {=_xlfn.IFS(C855<=50,7+10*(C855-1),C855<=110,507+25*(C855-51),C855<=170,2007+50*(C855-111),C855<=250,5007+50*(C855-171))} -> 1832 | E855: {=IF(D855="","",_xlfn.IFS(D855<=500,"Top_500",D855<=2000,"501_2000",D855<=5000,"2001_5000",D855<=10000,"5001_10000"))} -> 501_2000 | I855: =A855 & "|" & B855 -> |Support
B856: Support | C856: =IF(ROW()=2,1,IF(B856<>B855,1,C855+1)) -> 105 | D856: {=_xlfn.IFS(C856<=50,7+10*(C856-1),C856<=110,507+25*(C856-51),C856<=170,2007+50*(C856-111),C856<=250,5007+50*(C856-171))} -> 1857 | E856: {=IF(D856="","",_xlfn.IFS(D856<=500,"Top_500",D856<=2000,"501_2000",D856<=5000,"2001_5000",D856<=10000,"5001_10000"))} -> 501_2000 | I856: =A856 & "|" & B856 -> |Support
B857: Support | C857: =IF(ROW()=2,1,IF(B857<>B856,1,C856+1)) -> 106 | D857: {=_xlfn.IFS(C857<=50,7+10*(C857-1),C857<=110,507+25*(C857-51),C857<=170,2007+50*(C857-111),C857<=250,5007+50*(C857-171))} -> 1882 | E857: {=IF(D857="","",_xlfn.IFS(D857<=500,"Top_500",D857<=2000,"501_2000",D857<=5000,"2001_5000",D857<=10000,"5001_10000"))} -> 501_2000 | I857: =A857 & "|" & B857 -> |Support
B858: Support | C858: =IF(ROW()=2,1,IF(B858<>B857,1,C857+1)) -> 107 | D858: {=_xlfn.IFS(C858<=50,7+10*(C858-1),C858<=110,507+25*(C858-51),C858<=170,2007+50*(C858-111),C858<=250,5007+50*(C858-171))} -> 1907 | E858: {=IF(D858="","",_xlfn.IFS(D858<=500,"Top_500",D858<=2000,"501_2000",D858<=5000,"2001_5000",D858<=10000,"5001_10000"))} -> 501_2000 | I858: =A858 & "|" & B858 -> |Support
B859: Support | C859: =IF(ROW()=2,1,IF(B859<>B858,1,C858+1)) -> 108 | D859: {=_xlfn.IFS(C859<=50,7+10*(C859-1),C859<=110,507+25*(C859-51),C859<=170,2007+50*(C859-111),C859<=250,5007+50*(C859-171))} -> 1932 | E859: {=IF(D859="","",_xlfn.IFS(D859<=500,"Top_500",D859<=2000,"501_2000",D859<=5000,"2001_5000",D859<=10000,"5001_10000"))} -> 501_2000 | I859: =A859 & "|" & B859 -> |Support
...

Sheet Gadget_Usage_Assault
A1: Player_ID | B1: Class | C1: Gadget_Name | D1: Equipment_Type | E1: Usage_Count | F1: Class_Time_Hour | G1: Uses_Per_Hour | H1: Class_Deployments | I1: Uses_Per_Deployment | J1: Select_Flag | K1: Selection_Weight | L1: Gadget_Share
A2: {=IFERROR(INDEX(_xlfn._xlws.FILTER(Class_Players!A:A,Class_Players!B:B="Assault"),QUOTIENT(ROW()-ROW($A$2),7)+1),"")} -> mirovampiro | B2: =_xlfn.XLOOKUP(A2,Class_Players!$A:$A,Class_Players!$B:$B,"") -> Assault | C2: {=INDEX(Lookups!$A$2:$A$8,MOD(ROW()-ROW($B$2),ROWS(Lookups!$A$2:$A$8))+1)} -> Assault Ladder | D2: =_xlfn.XLOOKUP(C2,Analysis_Gadgets!$C:$C,Analysis_Gadgets!$B:$B) -> Gadget | E2: 98 | F2: =_xlfn.XLOOKUP(A2,Class_Players!A:A,Class_Players!G:G) -> 491 | G2: =IF(F2=0,"",E2/F2) -> 0.19959267 | H2: =_xlfn.XLOOKUP(A2,Class_Players!$A:$A,Class_Players!$F:$F,"") -> 28809 | I2: =IF(H2=0,"",E2/H2) -> 0.0034017147 | J2: =IF(I2>=0.1,1,0) -> 0 | K2: {=IF(D2="Gadget",_xlfn.IFS(I2>=0.2,0.5,I2>=0.1,0.35,I2>=0.05,0.2,TRUE,0),IF(D2="Grenade",_xlfn.IFS(I2>=0.2,1,I2>=0.1,0.7,I2>=0.05,0.4,TRUE,0),0))} -> 0 | L2: =IF($K2=0,0,$K2 / SUMIFS($K:$K,$A:$A,$A2,$D:$D,"Gadget")) -> 0
A3: {=IFERROR(INDEX(_xlfn._xlws.FILTER(Class_Players!A:A,Class_Players!B:B="Assault"),QUOTIENT(ROW()-ROW($A$2),7)+1),"")} -> mirovampiro | B3: =_xlfn.XLOOKUP(A3,Class_Players!$A:$A,Class_Players!$B:$B,"") -> Assault | C3: {=INDEX(Lookups!$A$2:$A$8,MOD(ROW()-ROW($B$2),ROWS(Lookups!$A$2:$A$8))+1)} -> X95 BRE (Breaching Projectile Launcher) | D3: =_xlfn.XLOOKUP(C3,Analysis_Gadgets!$C:$C,Analysis_Gadgets!$B:$B) -> Gadget | E3: 0 | F3: =_xlfn.XLOOKUP(A3,Class_Players!A:A,Class_Players!G:G) -> 491 | G3: =IF(F3=0,"",E3/F3) -> 0 | H3: =_xlfn.XLOOKUP(A3,Class_Players!$A:$A,Class_Players!$F:$F,"") -> 28809 | I3: =IF(H3=0,"",E3/H3) -> 0 | J3: =IF(I3>=0.1,1,0) -> 0 | K3: {=IF(D3="Gadget",_xlfn.IFS(I3>=0.2,0.5,I3>=0.1,0.35,I3>=0.05,0.2,TRUE,0),IF(D3="Grenade",_xlfn.IFS(I3>=0.2,1,I3>=0.1,0.7,I3>=0.05,0.4,TRUE,0),0))} -> 0 | L3: =IF($K3=0,0,$K3 / SUMIFS($K:$K,$A:$A,$A3,$D:$D,"Gadget")) -> 0
A4: {=IFERROR(INDEX(_xlfn._xlws.FILTER(Class_Players!A:A,Class_Players!B:B="Assault"),QUOTIENT(ROW()-ROW($A$2),7)+1),"")} -> mirovampiro | B4: =_xlfn.XLOOKUP(A4,Class_Players!$A:$A,Class_Players!$B:$B,"") -> Assault | C4: {=INDEX(Lookups!$A$2:$A$8,MOD(ROW()-ROW($B$2),ROWS(Lookups!$A$2:$A$8))+1)} -> M320A1 HE (Grenade Launcher) | D4: =_xlfn.XLOOKUP(C4,Analysis_Gadgets!$C:$C,Analysis_Gadgets!$B:$B) -> Gadget | E4: 2791 | F4: =_xlfn.XLOOKUP(A4,Class_Players!A:A,Class_Players!G:G) -> 491 | G4: =IF(F4=0,"",E4/F4) -> 5.6843177 | H4: =_xlfn.XLOOKUP(A4,Class_Players!$A:$A,Class_Players!$F:$F,"") -> 28809 | I4: =IF(H4=0,"",E4/H4) -> 0.096879447 | J4: =IF(I4>=0.1,1,0) -> 0 | K4: {=IF(D4="Gadget",_xlfn.IFS(I4>=0.2,0.5,I4>=0.1,0.35,I4>=0.05,0.2,TRUE,0),IF(D4="Grenade",_xlfn.IFS(I4>=0.2,1,I4>=0.1,0.7,I4>=0.05,0.4,TRUE,0),0))} -> 0.2 | L4: =IF($K4=0,0,$K4 / SUMIFS($K:$K,$A:$A,$A4,$D:$D,"Gadget")) -> 0.36363636
A5: {=IFERROR(INDEX(_xlfn._xlws.FILTER(Class_Players!A:A,Class_Players!B:B="Assault"),QUOTIENT(ROW()-ROW($A$2),7)+1),"")} -> mirovampiro | B5: =_xlfn.XLOOKUP(A5,Class_Players!$A:$A,Class_Players!$B:$B,"") -> Assault | C5: {=INDEX(Lookups!$A$2:$A$8,MOD(ROW()-ROW($B$2),ROWS(Lookups!$A$2:$A$8))+1)} -> M320A1 THRM (Incendiary Grenade Launcher) | D5: =_xlfn.XLOOKUP(C5,Analysis_Gadgets!$C:$C,Analysis_Gadgets!$B:$B) -> Gadget | E5: 33 | F5: =_xlfn.XLOOKUP(A5,Class_Players!A:A,Class_Players!G:G) -> 491 | G5: =IF(F5=0,"",E5/F5) -> 0.067209776 | H5: =_xlfn.XLOOKUP(A5,Class_Players!$A:$A,Class_Players!$F:$F,"") -> 28809 | I5: =IF(H5=0,"",E5/H5) -> 0.0011454754 | J5: =IF(I5>=0.1,1,0) -> 0 | K5: {=IF(D5="Gadget",_xlfn.IFS(I5>=0.2,0.5,I5>=0.1,0.35,I5>=0.05,0.2,TRUE,0),IF(D5="Grenade",_xlfn.IFS(I5>=0.2,1,I5>=0.1,0.7,I5>=0.05,0.4,TRUE,0),0))} -> 0 | L5: =IF($K5=0,0,$K5 / SUMIFS($K:$K,$A:$A,$A5,$D:$D,"Gadget")) -> 0
A6: {=IFERROR(INDEX(_xlfn._xlws.FILTER(Class_Players!A:A,Class_Players!B:B="Assault"),QUOTIENT(ROW()-ROW($A$2),7)+1),"")} -> mirovampiro | B6: =_xlfn.XLOOKUP(A6,Class_Players!$A:$A,Class_Players!$B:$B,"") -> Assault | C6: {=INDEX(Lookups!$A$2:$A$8,MOD(ROW()-ROW($B$2),ROWS(Lookups!$A$2:$A$8))+1)} -> QLINK (Deploy Beacon) | D6: =_xlfn.XLOOKUP(C6,Analysis_Gadgets!$C:$C,Analysis_Gadgets!$B:$B) -> Gadget | E6: 5283 | F6: =_xlfn.XLOOKUP(A6,Class_Players!A:A,Class_Players!G:G) -> 491 | G6: =IF(F6=0,"",E6/F6) -> 10.759674 | H6: =_xlfn.XLOOKUP(A6,Class_Players!$A:$A,Class_Players!$F:$F,"") -> 28809 | I6: =IF(H6=0,"",E6/H6) -> 0.18338019 | J6: =IF(I6>=0.1,1,0) -> 1 | K6: {=IF(D6="Gadget",_xlfn.IFS(I6>=0.2,0.5,I6>=0.1,0.35,I6>=0.05,0.2,TRUE,0),IF(D6="Grenade",_xlfn.IFS(I6>=0.2,1,I6>=0.1,0.7,I6>=0.05,0.4,TRUE,0),0))} -> 0.35 | L6: =IF($K6=0,0,$K6 / SUMIFS($K:$K,$A:$A,$A6,$D:$D,"Gadget")) -> 0.63636364
A7: {=IFERROR(INDEX(_xlfn._xlws.FILTER(Class_Players!A:A,Class_Players!B:B="Assault"),QUOTIENT(ROW()-ROW($A$2),7)+1),"")} -> mirovampiro | B7: =_xlfn.XLOOKUP(A7,Class_Players!$A:$A,Class_Players!$B:$B,"") -> Assault | C7: {=INDEX(Lookups!$A$2:$A$8,MOD(ROW()-ROW($B$2),ROWS(Lookups!$A$2:$A$8))+1)} -> Stun Grenade | D7: =_xlfn.XLOOKUP(C7,Analysis_Gadgets!$C:$C,Analysis_Gadgets!$B:$B) -> Grenade | E7: 105 | F7: =_xlfn.XLOOKUP(A7,Class_Players!A:A,Class_Players!G:G) -> 491 | G7: =IF(F7=0,"",E7/F7) -> 0.21384929 | H7: =_xlfn.XLOOKUP(A7,Class_Players!$A:$A,Class_Players!$F:$F,"") -> 28809 | I7: =IF(H7=0,"",E7/H7) -> 0.0036446944 | J7: =IF(I7>=0.1,1,0) -> 0 | K7: {=IF(D7="Gadget",_xlfn.IFS(I7>=0.2,0.5,I7>=0.1,0.35,I7>=0.05,0.2,TRUE,0),IF(D7="Grenade",_xlfn.IFS(I7>=0.2,1,I7>=0.1,0.7,I7>=0.05,0.4,TRUE,0),0))} -> 0 | L7: =IF($K7=0,0,$K7 / SUMIFS($K:$K,$A:$A,$A7,$D:$D,"Grenade")) -> 0
A8: {=IFERROR(INDEX(_xlfn._xlws.FILTER(Class_Players!A:A,Class_Players!B:B="Assault"),QUOTIENT(ROW()-ROW($A$2),7)+1),"")} -> mirovampiro | B8: =_xlfn.XLOOKUP(A8,Class_Players!$A:$A,Class_Players!$B:$B,"") -> Assault | C8: {=INDEX(Lookups!$A$2:$A$8,MOD(ROW()-ROW($B$2),ROWS(Lookups!$A$2:$A$8))+1)} -> Flash Grenade | D8: =_xlfn.XLOOKUP(C8,Analysis_Gadgets!$C:$C,Analysis_Gadgets!$B:$B) -> Grenade | E8: 71 | F8: =_xlfn.XLOOKUP(A8,Class_Players!A:A,Class_Players!G:G) -> 491 | G8: =IF(F8=0,"",E8/F8) -> 0.14460285 | H8: =_xlfn.XLOOKUP(A8,Class_Players!$A:$A,Class_Players!$F:$F,"") -> 28809 | I8: =IF(H8=0,"",E8/H8) -> 0.0024645076 | J8: =IF(I8>=0.1,1,0) -> 0 | K8: {=IF(D8="Gadget",_xlfn.IFS(I8>=0.2,0.5,I8>=0.1,0.35,I8>=0.05,0.2,TRUE,0),IF(D8="Grenade",_xlfn.IFS(I8>=0.2,1,I8>=0.1,0.7,I8>=0.05,0.4,TRUE,0),0))} -> 0 | L8: =IF($K8=0,0,$K8 / SUMIFS($K:$K,$A:$A,$A8,$D:$D,"Grenade")) -> 0
A9: {=IFERROR(INDEX(_xlfn._xlws.FILTER(Class_Players!A:A,Class_Players!B:B="Assault"),QUOTIENT(ROW()-ROW($A$2),7)+1),"")} -> Francko Escobar | B9: =_xlfn.XLOOKUP(A9,Class_Players!$A:$A,Class_Players!$B:$B,"") -> Assault | C9: {=INDEX(Lookups!$A$2:$A$8,MOD(ROW()-ROW($B$2),ROWS(Lookups!$A$2:$A$8))+1)} -> Assault Ladder | D9: =_xlfn.XLOOKUP(C9,Analysis_Gadgets!$C:$C,Analysis_Gadgets!$B:$B) -> Gadget | E9: 123 | F9: =_xlfn.XLOOKUP(A9,Class_Players!A:A,Class_Players!G:G) -> 388 | G9: =IF(F9=0,"",E9/F9) -> 0.31701031 | H9: =_xlfn.XLOOKUP(A9,Class_Players!A:A,Class_Players!F:F) -> 22167 | I9: =IF(H9=0,"",E9/H9) -> 0.0055487887 | J9: =IF(I9>=0.1,1,0) -> 0 | K9: {=IF(D9="Gadget",_xlfn.IFS(I9>=0.2,0.5,I9>=0.1,0.35,I9>=0.05,0.2,TRUE,0),IF(D9="Grenade",_xlfn.IFS(I9>=0.2,1,I9>=0.1,0.7,I9>=0.05,0.4,TRUE,0),0))} -> 0 | L9: =IF($K9=0,0,$K9 / SUMIFS($K:$K,$A:$A,$A9,$D:$D,"Gadget")) -> 0
A10: {=IFERROR(INDEX(_xlfn._xlws.FILTER(Class_Players!A:A,Class_Players!B:B="Assault"),QUOTIENT(ROW()-ROW($A$2),7)+1),"")} -> Francko Escobar | B10: =_xlfn.XLOOKUP(A10,Class_Players!$A:$A,Class_Players!$B:$B,"") -> Assault | C10: {=INDEX(Lookups!$A$2:$A$8,MOD(ROW()-ROW($B$2),ROWS(Lookups!$A$2:$A$8))+1)} -> X95 BRE (Breaching Projectile Launcher) | D10: =_xlfn.XLOOKUP(C10,Analysis_Gadgets!$C:$C,Analysis_Gadgets!$B:$B) -> Gadget | E10: 0 | F10: =_xlfn.XLOOKUP(A10,Class_Players!A:A,Class_Players!G:G) -> 388 | G10: =IF(F10=0,"",E10/F10) -> 0 | H10: =_xlfn.XLOOKUP(A10,Class_Players!A:A,Class_Players!F:F) -> 22167 | I10: =IF(H10=0,"",E10/H10) -> 0 | J10: =IF(I10>=0.1,1,0) -> 0 | K10: {=IF(D10="Gadget",_xlfn.IFS(I10>=0.2,0.5,I10>=0.1,0.35,I10>=0.05,0.2,TRUE,0),IF(D10="Grenade",_xlfn.IFS(I10>=0.2,1,I10>=0.1,0.7,I10>=0.05,0.4,TRUE,0),0))} -> 0 | L10: =IF($K10=0,0,$K10 / SUMIFS($K:$K,$A:$A,$A10,$D:$D,"Gadget")) -> 0
A11: {=IFERROR(INDEX(_xlfn._xlws.FILTER(Class_Players!A:A,Class_Players!B:B="Assault"),QUOTIENT(ROW()-ROW($A$2),7)+1),"")} -> Francko Escobar | B11: =_xlfn.XLOOKUP(A11,Class_Players!$A:$A,Class_Players!$B:$B,"") -> Assault | C11: {=INDEX(Lookups!$A$2:$A$8,MOD(ROW()-ROW($B$2),ROWS(Lookups!$A$2:$A$8))+1)} -> M320A1 HE (Grenade Launcher) | D11: =_xlfn.XLOOKUP(C11,Analysis_Gadgets!$C:$C,Analysis_Gadgets!$B:$B) -> Gadget | E11: 2529 | F11: =_xlfn.XLOOKUP(A11,Class_Players!A:A,Class_Players!G:G) -> 388 | G11: =IF(F11=0,"",E11/F11) -> 6.5180412 | H11: =_xlfn.XLOOKUP(A11,Class_Players!A:A,Class_Players!F:F) -> 22167 | I11: =IF(H11=0,"",E11/H11) -> 0.11408851 | J11: =IF(I11>=0.1,1,0) -> 1 | K11: {=IF(D11="Gadget",_xlfn.IFS(I11>=0.2,0.5,I11>=0.1,0.35,I11>=0.05,0.2,TRUE,0),IF(D11="Grenade",_xlfn.IFS(I11>=0.2,1,I11>=0.1,0.7,I11>=0.05,0.4,TRUE,0),0))} -> 0.35 | L11: =IF($K11=0,0,$K11 / SUMIFS($K:$K,$A:$A,$A11,$D:$D,"Gadget")) -> 1
A12: {=IFERROR(INDEX(_xlfn._xlws.FILTER(Class_Players!A:A,Class_Players!B:B="Assault"),QUOTIENT(ROW()-ROW($A$2),7)+1),"")} -> Francko Escobar | B12: =_xlfn.XLOOKUP(A12,Class_Players!$A:$A,Class_Players!$B:$B,"") -> Assault | C12: {=INDEX(Lookups!$A$2:$A$8,MOD(ROW()-ROW($B$2),ROWS(Lookups!$A$2:$A$8))+1)} -> M320A1 THRM (Incendiary Grenade Launcher) | D12: =_xlfn.XLOOKUP(C12,Analysis_Gadgets!$C:$C,Analysis_Gadgets!$B:$B) -> Gadget | E12: 252 | F12: =_xlfn.XLOOKUP(A12,Class_Players!A:A,Class_Players!G:G) -> 388 | G12: =IF(F12=0,"",E12/F12) -> 0.64948454 | H12: =_xlfn.XLOOKUP(A12,Class_Players!A:A,Class_Players!F:F) -> 22167 | I12: =IF(H12=0,"",E12/H12) -> 0.01136825 | J12: =IF(I12>=0.1,1,0) -> 0 | K12: {=IF(D12="Gadget",_xlfn.IFS(I12>=0.2,0.5,I12>=0.1,0.35,I12>=0.05,0.2,TRUE,0),IF(D12="Grenade",_xlfn.IFS(I12>=0.2,1,I12>=0.1,0.7,I12>=0.05,0.4,TRUE,0),0))} -> 0 | L12: =IF($K12=0,0,$K12 / SUMIFS($K:$K,$A:$A,$A12,$D:$D,"Gadget")) -> 0
A13: {=IFERROR(INDEX(_xlfn._xlws.FILTER(Class_Players!A:A,Class_Players!B:B="Assault"),QUOTIENT(ROW()-ROW($A$2),7)+1),"")} -> Francko Escobar | B13: =_xlfn.XLOOKUP(A13,Class_Players!$A:$A,Class_Players!$B:$B,"") -> Assault | C13: {=INDEX(Lookups!$A$2:$A$8,MOD(ROW()-ROW($B$2),ROWS(Lookups!$A$2:$A$8))+1)} -> QLINK (Deploy Beacon) | D13: =_xlfn.XLOOKUP(C13,Analysis_Gadgets!$C:$C,Analysis_Gadgets!$B:$B) -> Gadget | E13: 471 | F13: =_xlfn.XLOOKUP(A13,Class_Players!A:A,Class_Players!G:G) -> 388 | G13: =IF(F13=0,"",E13/F13) -> 1.2139175 | H13: =_xlfn.XLOOKUP(A13,Class_Players!A:A,Class_Players!F:F) -> 22167 | I13: =IF(H13=0,"",E13/H13) -> 0.021247801 | J13: =IF(I13>=0.1,1,0) -> 0 | K13: {=IF(D13="Gadget",_xlfn.IFS(I13>=0.2,0.5,I13>=0.1,0.35,I13>=0.05,0.2,TRUE,0),IF(D13="Grenade",_xlfn.IFS(I13>=0.2,1,I13>=0.1,0.7,I13>=0.05,0.4,TRUE,0),0))} -> 0 | L13: =IF($K13=0,0,$K13 / SUMIFS($K:$K,$A:$A,$A13,$D:$D,"Gadget")) -> 0
A14: {=IFERROR(INDEX(_xlfn._xlws.FILTER(Class_Players!A:A,Class_Players!B:B="Assault"),QUOTIENT(ROW()-ROW($A$2),7)+1),"")} -> Francko Escobar | B14: =_xlfn.XLOOKUP(A14,Class_Players!$A:$A,Class_Players!$B:$B,"") -> Assault | C14: {=INDEX(Lookups!$A$2:$A$8,MOD(ROW()-ROW($B$2),ROWS(Lookups!$A$2:$A$8))+1)} -> Stun Grenade | D14: =_xlfn.XLOOKUP(C14,Analysis_Gadgets!$C:$C,Analysis_Gadgets!$B:$B) -> Grenade | E14: 131 | F14: =_xlfn.XLOOKUP(A14,Class_Players!A:A,Class_Players!G:G) -> 388 | G14: =IF(F14=0,"",E14/F14) -> 0.33762887 | H14: =_xlfn.XLOOKUP(A14,Class_Players!A:A,Class_Players!F:F) -> 22167 | I14: =IF(H14=0,"",E14/H14) -> 0.0059096856 | J14: =IF(I14>=0.1,1,0) -> 0 | K14: {=IF(D14="Gadget",_xlfn.IFS(I14>=0.2,0.5,I14>=0.1,0.35,I14>=0.05,0.2,TRUE,0),IF(D14="Grenade",_xlfn.IFS(I14>=0.2,1,I14>=0.1,0.7,I14>=0.05,0.4,TRUE,0),0))} -> 0 | L14: =IF($K14=0,0,$K14 / SUMIFS($K:$K,$A:$A,$A14,$D:$D,"Grenade")) -> 0
A15: {=IFERROR(INDEX(_xlfn._xlws.FILTER(Class_Players!A:A,Class_Players!B:B="Assault"),QUOTIENT(ROW()-ROW($A$2),7)+1),"")} -> Francko Escobar | B15: =_xlfn.XLOOKUP(A15,Class_Players!$A:$A,Class_Players!$B:$B,"") -> Assault | C15: {=INDEX(Lookups!$A$2:$A$8,MOD(ROW()-ROW($B$2),ROWS(Lookups!$A$2:$A$8))+1)} -> Flash Grenade | D15: =_xlfn.XLOOKUP(C15,Analysis_Gadgets!$C:$C,Analysis_Gadgets!$B:$B) -> Grenade | E15: 99 | F15: =_xlfn.XLOOKUP(A15,Class_Players!A:A,Class_Players!G:G) -> 388 | G15: =IF(F15=0,"",E15/F15) -> 0.25515464 | H15: =_xlfn.XLOOKUP(A15,Class_Players!A:A,Class_Players!F:F) -> 22167 | I15: =IF(H15=0,"",E15/H15) -> 0.0044660983 | J15: =IF(I15>=0.1,1,0) -> 0 | K15: {=IF(D15="Gadget",_xlfn.IFS(I15>=0.2,0.5,I15>=0.1,0.35,I15>=0.05,0.2,TRUE,0),IF(D15="Grenade",_xlfn.IFS(I15>=0.2,1,I15>=0.1,0.7,I15>=0.05,0.4,TRUE,0),0))} -> 0 | L15: =IF($K15=0,0,$K15 / SUMIFS($K:$K,$A:$A,$A15,$D:$D,"Grenade")) -> 0
A16: {=IFERROR(INDEX(_xlfn._xlws.FILTER(Class_Players!A:A,Class_Players!B:B="Assault"),QUOTIENT(ROW()-ROW($A$2),7)+1),"")} -> CFGBOT | B16: =_xlfn.XLOOKUP(A16,Class_Players!$A:$A,Class_Players!$B:$B,"") -> Assault | C16: {=INDEX(Lookups!$A$2:$A$8,MOD(ROW()-ROW($B$2),ROWS(Lookups!$A$2:$A$8))+1)} -> Assault Ladder | D16: =_xlfn.XLOOKUP(C16,Analysis_Gadgets!$C:$C,Analysis_Gadgets!$B:$B) -> Gadget | E16: 2 | F16: =_xlfn.XLOOKUP(A16,Class_Players!A:A,Class_Players!G:G) -> 351 | G16: =IF(F16=0,"",E16/F16) -> 0.0056980057 | H16: =_xlfn.XLOOKUP(A16,Class_Players!$A:$A,Class_Players!$F:$F,"") -> 21125 | I16: =IF(H16=0,"",E16/H16) -> 9.4674556e-05 | J16: =IF(I16>=0.1,1,0) -> 0 | K16: {=IF(D16="Gadget",_xlfn.IFS(I16>=0.2,0.5,I16>=0.1,0.35,I16>=0.05,0.2,TRUE,0),IF(D16="Grenade",_xlfn.IFS(I16>=0.2,1,I16>=0.1,0.7,I16>=0.05,0.4,TRUE,0),0))} -> 0 | L16: =IF($K16=0,0,$K16 / SUMIFS($K:$K,$A:$A,$A16,$D:$D,"Gadget")) -> 0
A17: {=IFERROR(INDEX(_xlfn._xlws.FILTER(Class_Players!A:A,Class_Players!B:B="Assault"),QUOTIENT(ROW()-ROW($A$2),7)+1),"")} -> CFGBOT | B17: =_xlfn.XLOOKUP(A17,Class_Players!$A:$A,Class_Players!$B:$B,"") -> Assault | C17: {=INDEX(Lookups!$A$2:$A$8,MOD(ROW()-ROW($B$2),ROWS(Lookups!$A$2:$A$8))+1)} -> X95 BRE (Breaching Projectile Launcher) | D17: =_xlfn.XLOOKUP(C17,Analysis_Gadgets!$C:$C,Analysis_Gadgets!$B:$B) -> Gadget | E17: 0 | F17: =_xlfn.XLOOKUP(A17,Class_Players!A:A,Class_Players!G:G) -> 351 | G17: =IF(F17=0,"",E17/F17) -> 0 | H17: =_xlfn.XLOOKUP(A17,Class_Players!$A:$A,Class_Players!$F:$F,"") -> 21125 | I17: =IF(H17=0,"",E17/H17) -> 0 | J17: =IF(I17>=0.1,1,0) -> 0 | K17: {=IF(D17="Gadget",_xlfn.IFS(I17>=0.2,0.5,I17>=0.1,0.35,I17>=0.05,0.2,TRUE,0),IF(D17="Grenade",_xlfn.IFS(I17>=0.2,1,I17>=0.1,0.7,I17>=0.05,0.4,TRUE,0),0))} -> 0 | L17: =IF($K17=0,0,$K17 / SUMIFS($K:$K,$A:$A,$A17,$D:$D,"Gadget")) -> 0
A18: {=IFERROR(INDEX(_xlfn._xlws.FILTER(Class_Players!A:A,Class_Players!B:B="Assault"),QUOTIENT(ROW()-ROW($A$2),7)+1),"")} -> CFGBOT | B18: =_xlfn.XLOOKUP(A18,Class_Players!$A:$A,Class_Players!$B:$B,"") -> Assault | C18: {=INDEX(Lookups!$A$2:$A$8,MOD(ROW()-ROW($B$2),ROWS(Lookups!$A$2:$A$8))+1)} -> M320A1 HE (Grenade Launcher) | D18: =_xlfn.XLOOKUP(C18,Analysis_Gadgets!$C:$C,Analysis_Gadgets!$B:$B) -> Gadget | E18: 8810 | F18: =_xlfn.XLOOKUP(A18,Class_Players!A:A,Class_Players!G:G) -> 351 | G18: =IF(F18=0,"",E18/F18) -> 25.099715 | H18: =_xlfn.XLOOKUP(A18,Class_Players!$A:$A,Class_Players!$F:$F,"") -> 21125 | I18: =IF(H18=0,"",E18/H18) -> 0.41704142 | J18: =IF(I18>=0.1,1,0) -> 1 | K18: {=IF(D18="Gadget",_xlfn.IFS(I18>=0.2,0.5,I18>=0.1,0.35,I18>=0.05,0.2,TRUE,0),IF(D18="Grenade",_xlfn.IFS(I18>=0.2,1,I18>=0.1,0.7,I18>=0.05,0.4,TRUE,0),0))} -> 0.5 | L18: =IF($K18=0,0,$K18 / SUMIFS($K:$K,$A:$A,$A18,$D:$D,"Gadget")) -> 0.5
A19: {=IFERROR(INDEX(_xlfn._xlws.FILTER(Class_Players!A:A,Class_Players!B:B="Assault"),QUOTIENT(ROW()-ROW($A$2),7)+1),"")} -> CFGBOT | B19: =_xlfn.XLOOKUP(A19,Class_Players!$A:$A,Class_Players!$B:$B,"") -> Assault | C19: {=INDEX(Lookups!$A$2:$A$8,MOD(ROW()-ROW($B$2),ROWS(Lookups!$A$2:$A$8))+1)} -> M320A1 THRM (Incendiary Grenade Launcher) | D19: =_xlfn.XLOOKUP(C19,Analysis_Gadgets!$C:$C,Analysis_Gadgets!$B:$B) -> Gadget | E19: 193 | F19: =_xlfn.XLOOKUP(A19,Class_Players!A:A,Class_Players!G:G) -> 351 | G19: =IF(F19=0,"",E19/F19) -> 0.54985755 | H19: =_xlfn.XLOOKUP(A19,Class_Players!$A:$A,Class_Players!$F:$F,"") -> 21125 | I19: =IF(H19=0,"",E19/H19) -> 0.0091360947 | J19: =IF(I19>=0.1,1,0) -> 0 | K19: {=IF(D19="Gadget",_xlfn.IFS(I19>=0.2,0.5,I19>=0.1,0.35,I19>=0.05,0.2,TRUE,0),IF(D19="Grenade",_xlfn.IFS(I19>=0.2,1,I19>=0.1,0.7,I19>=0.05,0.4,TRUE,0),0))} -> 0 | L19: =IF($K19=0,0,$K19 / SUMIFS($K:$K,$A:$A,$A19,$D:$D,"Gadget")) -> 0
A20: {=IFERROR(INDEX(_xlfn._xlws.FILTER(Class_Players!A:A,Class_Players!B:B="Assault"),QUOTIENT(ROW()-ROW($A$2),7)+1),"")} -> CFGBOT | B20: =_xlfn.XLOOKUP(A20,Class_Players!$A:$A,Class_Players!$B:$B,"") -> Assault | C20: {=INDEX(Lookups!$A$2:$A$8,MOD(ROW()-ROW($B$2),ROWS(Lookups!$A$2:$A$8))+1)} -> QLINK (Deploy Beacon) | D20: =_xlfn.XLOOKUP(C20,Analysis_Gadgets!$C:$C,Analysis_Gadgets!$B:$B) -> Gadget | E20: 4829 | F20: =_xlfn.XLOOKUP(A20,Class_Players!A:A,Class_Players!G:G) -> 351 | G20: =IF(F20=0,"",E20/F20) -> 13.757835 | H20: =_xlfn.XLOOKUP(A20,Class_Players!$A:$A,Class_Players!$F:$F,"") -> 21125 | I20: =IF(H20=0,"",E20/H20) -> 0.22859172 | J20: =IF(I20>=0.1,1,0) -> 1 | K20: {=IF(D20="Gadget",_xlfn.IFS(I20>=0.2,0.5,I20>=0.1,0.35,I20>=0.05,0.2,TRUE,0),IF(D20="Grenade",_xlfn.IFS(I20>=0.2,1,I20>=0.1,0.7,I20>=0.05,0.4,TRUE,0),0))} -> 0.5 | L20: =IF($K20=0,0,$K20 / SUMIFS($K:$K,$A:$A,$A20,$D:$D,"Gadget")) -> 0.5
A21: {=IFERROR(INDEX(_xlfn._xlws.FILTER(Class_Players!A:A,Class_Players!B:B="Assault"),QUOTIENT(ROW()-ROW($A$2),7)+1),"")} -> CFGBOT | B21: =_xlfn.XLOOKUP(A21,Class_Players!$A:$A,Class_Players!$B:$B,"") -> Assault | C21: {=INDEX(Lookups!$A$2:$A$8,MOD(ROW()-ROW($B$2),ROWS(Lookups!$A$2:$A$8))+1)} -> Stun Grenade | D21: =_xlfn.XLOOKUP(C21,Analysis_Gadgets!$C:$C,Analysis_Gadgets!$B:$B) -> Grenade | E21: 39 | F21: =_xlfn.XLOOKUP(A21,Class_Players!A:A,Class_Players!G:G) -> 351 | G21: =IF(F21=0,"",E21/F21) -> 0.11111111 | H21: =_xlfn.XLOOKUP(A21,Class_Players!$A:$A,Class_Players!$F:$F,"") -> 21125 | I21: =IF(H21=0,"",E21/H21) -> 0.0018461538 | J21: =IF(I21>=0.1,1,0) -> 0 | K21: {=IF(D21="Gadget",_xlfn.IFS(I21>=0.2,0.5,I21>=0.1,0.35,I21>=0.05,0.2,TRUE,0),IF(D21="Grenade",_xlfn.IFS(I21>=0.2,1,I21>=0.1,0.7,I21>=0.05,0.4,TRUE,0),0))} -> 0 | L21: =IF($K21=0,0,$K21 / SUMIFS($K:$K,$A:$A,$A21,$D:$D,"Grenade")) -> 0
A22: {=IFERROR(INDEX(_xlfn._xlws.FILTER(Class_Players!A:A,Class_Players!B:B="Assault"),QUOTIENT(ROW()-ROW($A$2),7)+1),"")} -> CFGBOT | B22: =_xlfn.XLOOKUP(A22,Class_Players!$A:$A,Class_Players!$B:$B,"") -> Assault | C22: {=INDEX(Lookups!$A$2:$A$8,MOD(ROW()-ROW($B$2),ROWS(Lookups!$A$2:$A$8))+1)} -> Flash Grenade | D22: =_xlfn.XLOOKUP(C22,Analysis_Gadgets!$C:$C,Analysis_Gadgets!$B:$B) -> Grenade | E22: 61 | F22: =_xlfn.XLOOKUP(A22,Class_Players!A:A,Class_Players!G:G) -> 351 | G22: =IF(F22=0,"",E22/F22) -> 0.17378917 | H22: =_xlfn.XLOOKUP(A22,Class_Players!$A:$A,Class_Players!$F:$F,"") -> 21125 | I22: =IF(H22=0,"",E22/H22) -> 0.002887574 | J22: =IF(I22>=0.1,1,0) -> 0 | K22: {=IF(D22="Gadget",_xlfn.IFS(I22>=0.2,0.5,I22>=0.1,0.35,I22>=0.05,0.2,TRUE,0),IF(D22="Grenade",_xlfn.IFS(I22>=0.2,1,I22>=0.1,0.7,I22>=0.05,0.4,TRUE,0),0))} -> 0 | L22: =IF($K22=0,0,$K22 / SUMIFS($K:$K,$A:$A,$A22,$D:$D,"Grenade")) -> 0
A23: {=IFERROR(INDEX(_xlfn._xlws.FILTER(Class_Players!A:A,Class_Players!B:B="Assault"),QUOTIENT(ROW()-ROW($A$2),7)+1),"")} -> avengerhawk | B23: =_xlfn.XLOOKUP(A23,Class_Players!$A:$A,Class_Players!$B:$B,"") -> Assault | C23: {=INDEX(Lookups!$A$2:$A$8,MOD(ROW()-ROW($B$2),ROWS(Lookups!$A$2:$A$8))+1)} -> Assault Ladder | D23: =_xlfn.XLOOKUP(C23,Analysis_Gadgets!$C:$C,Analysis_Gadgets!$B:$B) -> Gadget | E23: 14 | F23: =_xlfn.XLOOKUP(A23,Class_Players!A:A,Class_Players!G:G) -> 258 | G23: =IF(F23=0,"",E23/F23) -> 0.054263566 | H23: =_xlfn.XLOOKUP(A23,Class_Players!$A:$A,Class_Players!$F:$F,"") -> 20105 | I23: =IF(H23=0,"",E23/H23) -> 0.00069634419 | J23: =IF(I23>=0.1,1,0) -> 0 | K23: {=IF(D23="Gadget",_xlfn.IFS(I23>=0.2,0.5,I23>=0.1,0.35,I23>=0.05,0.2,TRUE,0),IF(D23="Grenade",_xlfn.IFS(I23>=0.2,1,I23>=0.1,0.7,I23>=0.05,0.4,TRUE,0),0))} -> 0 | L23: =IF($K23=0,0,$K23 / SUMIFS($K:$K,$A:$A,$A23,$D:$D,"Gadget")) -> 0
A24: {=IFERROR(INDEX(_xlfn._xlws.FILTER(Class_Players!A:A,Class_Players!B:B="Assault"),QUOTIENT(ROW()-ROW($A$2),7)+1),"")} -> avengerhawk | B24: =_xlfn.XLOOKUP(A24,Class_Players!$A:$A,Class_Players!$B:$B,"") -> Assault | C24: {=INDEX(Lookups!$A$2:$A$8,MOD(ROW()-ROW($B$2),ROWS(Lookups!$A$2:$A$8))+1)} -> X95 BRE (Breaching Projectile Launcher) | D24: =_xlfn.XLOOKUP(C24,Analysis_Gadgets!$C:$C,Analysis_Gadgets!$B:$B) -> Gadget | E24: 65 | F24: =_xlfn.XLOOKUP(A24,Class_Players!A:A,Class_Players!G:G) -> 258 | G24: =IF(F24=0,"",E24/F24) -> 0.25193798 | H24: =_xlfn.XLOOKUP(A24,Class_Players!$A:$A,Class_Players!$F:$F,"") -> 20105 | I24: =IF(H24=0,"",E24/H24) -> 0.0032330266 | J24: =IF(I24>=0.1,1,0) -> 0 | K24: {=IF(D24="Gadget",_xlfn.IFS(I24>=0.2,0.5,I24>=0.1,0.35,I24>=0.05,0.2,TRUE,0),IF(D24="Grenade",_xlfn.IFS(I24>=0.2,1,I24>=0.1,0.7,I24>=0.05,0.4,TRUE,0),0))} -> 0 | L24: =IF($K24=0,0,$K24 / SUMIFS($K:$K,$A:$A,$A24,$D:$D,"Gadget")) -> 0
A25: {=IFERROR(INDEX(_xlfn._xlws.FILTER(Class_Players!A:A,Class_Players!B:B="Assault"),QUOTIENT(ROW()-ROW($A$2),7)+1),"")} -> avengerhawk | B25: =_xlfn.XLOOKUP(A25,Class_Players!$A:$A,Class_Players!$B:$B,"") -> Assault | C25: {=INDEX(Lookups!$A$2:$A$8,MOD(ROW()-ROW($B$2),ROWS(Lookups!$A$2:$A$8))+1)} -> M320A1 HE (Grenade Launcher) | D25: =_xlfn.XLOOKUP(C25,Analysis_Gadgets!$C:$C,Analysis_Gadgets!$B:$B) -> Gadget | E25: 166 | F25: =_xlfn.XLOOKUP(A25,Class_Players!A:A,Class_Players!G:G) -> 258 | G25: =IF(F25=0,"",E25/F25) -> 0.64341085 | H25: =_xlfn.XLOOKUP(A25,Class_Players!$A:$A,Class_Players!$F:$F,"") -> 20105 | I25: =IF(H25=0,"",E25/H25) -> 0.0082566526 | J25: =IF(I25>=0.1,1,0) -> 0 | K25: {=IF(D25="Gadget",_xlfn.IFS(I25>=0.2,0.5,I25>=0.1,0.35,I25>=0.05,0.2,TRUE,0),IF(D25="Grenade",_xlfn.IFS(I25>=0.2,1,I25>=0.1,0.7,I25>=0.05,0.4,TRUE,0),0))} -> 0 | L25: =IF($K25=0,0,$K25 / SUMIFS($K:$K,$A:$A,$A25,$D:$D,"Gadget")) -> 0
A26: {=IFERROR(INDEX(_xlfn._xlws.FILTER(Class_Players!A:A,Class_Players!B:B="Assault"),QUOTIENT(ROW()-ROW($A$2),7)+1),"")} -> avengerhawk | B26: =_xlfn.XLOOKUP(A26,Class_Players!$A:$A,Class_Players!$B:$B,"") -> Assault | C26: {=INDEX(Lookups!$A$2:$A$8,MOD(ROW()-ROW($B$2),ROWS(Lookups!$A$2:$A$8))+1)} -> M320A1 THRM (Incendiary Grenade Launcher) | D26: =_xlfn.XLOOKUP(C26,Analysis_Gadgets!$C:$C,Analysis_Gadgets!$B:$B) -> Gadget | E26: 9 | F26: =_xlfn.XLOOKUP(A26,Class_Players!A:A,Class_Players!G:G) -> 258 | G26: =IF(F26=0,"",E26/F26) -> 0.034883721 | H26: =_xlfn.XLOOKUP(A26,Class_Players!$A:$A,Class_Players!$F:$F,"") -> 20105 | I26: =IF(H26=0,"",E26/H26) -> 0.00044764984 | J26: =IF(I26>=0.1,1,0) -> 0 | K26: {=IF(D26="Gadget",_xlfn.IFS(I26>=0.2,0.5,I26>=0.1,0.35,I26>=0.05,0.2,TRUE,0),IF(D26="Grenade",_xlfn.IFS(I26>=0.2,1,I26>=0.1,0.7,I26>=0.05,0.4,TRUE,0),0))} -> 0 | L26: =IF($K26=0,0,$K26 / SUMIFS($K:$K,$A:$A,$A26,$D:$D,"Gadget")) -> 0
A27: {=IFERROR(INDEX(_xlfn._xlws.FILTER(Class_Players!A:A,Class_Players!B:B="Assault"),QUOTIENT(ROW()-ROW($A$2),7)+1),"")} -> avengerhawk | B27: =_xlfn.XLOOKUP(A27,Class_Players!$A:$A,Class_Players!$B:$B,"") -> Assault | C27: {=INDEX(Lookups!$A$2:$A$8,MOD(ROW()-ROW($B$2),ROWS(Lookups!$A$2:$A$8))+1)} -> QLINK (Deploy Beacon) | D27: =_xlfn.XLOOKUP(C27,Analysis_Gadgets!$C:$C,Analysis_Gadgets!$B:$B) -> Gadget | E27: 15410 | F27: =_xlfn.XLOOKUP(A27,Class_Players!A:A,Class_Players!G:G) -> 258 | G27: =IF(F27=0,"",E27/F27) -> 59.728682 | H27: =_xlfn.XLOOKUP(A27,Class_Players!$A:$A,Class_Players!$F:$F,"") -> 20105 | I27: =IF(H27=0,"",E27/H27) -> 0.766476 | J27: =IF(I27>=0.1,1,0) -> 1 | K27: {=IF(D27="Gadget",_xlfn.IFS(I27>=0.2,0.5,I27>=0.1,0.35,I27>=0.05,0.2,TRUE,0),IF(D27="Grenade",_xlfn.IFS(I27>=0.2,1,I27>=0.1,0.7,I27>=0.05,0.4,TRUE,0),0))} -> 0.5 | L27: =IF($K27=0,0,$K27 / SUMIFS($K:$K,$A:$A,$A27,$D:$D,"Gadget")) -> 1
A28: {=IFERROR(INDEX(_xlfn._xlws.FILTER(Class_Players!A:A,Class_Players!B:B="Assault"),QUOTIENT(ROW()-ROW($A$2),7)+1),"")} -> avengerhawk | B28: =_xlfn.XLOOKUP(A28,Class_Players!$A:$A,Class_Players!$B:$B,"") -> Assault | C28: {=INDEX(Lookups!$A$2:$A$8,MOD(ROW()-ROW($B$2),ROWS(Lookups!$A$2:$A$8))+1)} -> Stun Grenade | D28: =_xlfn.XLOOKUP(C28,Analysis_Gadgets!$C:$C,Analysis_Gadgets!$B:$B) -> Grenade | E28: 155 | F28: =_xlfn.XLOOKUP(A28,Class_Players!A:A,Class_Players!G:G) -> 258 | G28: =IF(F28=0,"",E28/F28) -> 0.60077519 | H28: =_xlfn.XLOOKUP(A28,Class_Players!$A:$A,Class_Players!$F:$F,"") -> 20105 | I28: =IF(H28=0,"",E28/H28) -> 0.007709525 | J28: =IF(I28>=0.1,1,0) -> 0 | K28: {=IF(D28="Gadget",_xlfn.IFS(I28>=0.2,0.5,I28>=0.1,0.35,I28>=0.05,0.2,TRUE,0),IF(D28="Grenade",_xlfn.IFS(I28>=0.2,1,I28>=0.1,0.7,I28>=0.05,0.4,TRUE,0),0))} -> 0 | L28: =IF($K28=0,0,$K28 / SUMIFS($K:$K,$A:$A,$A28,$D:$D,"Grenade")) -> 0
A29: {=IFERROR(INDEX(_xlfn._xlws.FILTER(Class_Players!A:A,Class_Players!B:B="Assault"),QUOTIENT(ROW()-ROW($A$2),7)+1),"")} -> avengerhawk | B29: =_xlfn.XLOOKUP(A29,Class_Players!$A:$A,Class_Players!$B:$B,"") -> Assault | C29: {=INDEX(Lookups!$A$2:$A$8,MOD(ROW()-ROW($B$2),ROWS(Lookups!$A$2:$A$8))+1)} -> Flash Grenade | D29: =_xlfn.XLOOKUP(C29,Analysis_Gadgets!$C:$C,Analysis_Gadgets!$B:$B) -> Grenade | E29: 6 | F29: =_xlfn.XLOOKUP(A29,Class_Players!A:A,Class_Players!G:G) -> 258 | G29: =IF(F29=0,"",E29/F29) -> 0.023255814 | H29: =_xlfn.XLOOKUP(A29,Class_Players!$A:$A,Class_Players!$F:$F,"") -> 20105 | I29: =IF(H29=0,"",E29/H29) -> 0.00029843323 | J29: =IF(I29>=0.1,1,0) -> 0 | K29: {=IF(D29="Gadget",_xlfn.IFS(I29>=0.2,0.5,I29>=0.1,0.35,I29>=0.05,0.2,TRUE,0),IF(D29="Grenade",_xlfn.IFS(I29>=0.2,1,I29>=0.1,0.7,I29>=0.05,0.4,TRUE,0),0))} -> 0 | L29: =IF($K29=0,0,$K29 / SUMIFS($K:$K,$A:$A,$A29,$D:$D,"Grenade")) -> 0
A30: {=IFERROR(INDEX(_xlfn._xlws.FILTER(Class_Players!A:A,Class_Players!B:B="Assault"),QUOTIENT(ROW()-ROW($A$2),7)+1),"")} -> Chopppppperrrrr | B30: =_xlfn.XLOOKUP(A30,Class_Players!$A:$A,Class_Players!$B:$B,"") -> Assault | C30: {=INDEX(Lookups!$A$2:$A$8,MOD(ROW()-ROW($B$2),ROWS(Lookups!$A$2:$A$8))+1)} -> Assault Ladder | D30: =_xlfn.XLOOKUP(C30,Analysis_Gadgets!$C:$C,Analysis_Gadgets!$B:$B) -> Gadget | E30: 4 | F30: =_xlfn.XLOOKUP(A30,Class_Players!A:A,Class_Players!G:G) -> 157 | G30: =IF(F30=0,"",E30/F30) -> 0.025477707 | H30: =_xlfn.XLOOKUP(A30,Class_Players!$A:$A,Class_Players!$F:$F,"") -> 18236 | I30: =IF(H30=0,"",E30/H30) -> 0.00021934635 | J30: =IF(I30>=0.1,1,0) -> 0 | K30: {=IF(D30="Gadget",_xlfn.IFS(I30>=0.2,0.5,I30>=0.1,0.35,I30>=0.05,0.2,TRUE,0),IF(D30="Grenade",_xlfn.IFS(I30>=0.2,1,I30>=0.1,0.7,I30>=0.05,0.4,TRUE,0),0))} -> 0 | L30: =IF($K30=0,0,$K30 / SUMIFS($K:$K,$A:$A,$A30,$D:$D,"Gadget")) -> 0
A31: {=IFERROR(INDEX(_xlfn._xlws.FILTER(Class_Players!A:A,Class_Players!B:B="Assault"),QUOTIENT(ROW()-ROW($A$2),7)+1),"")} -> Chopppppperrrrr | B31: =_xlfn.XLOOKUP(A31,Class_Players!$A:$A,Class_Players!$B:$B,"") -> Assault | C31: {=INDEX(Lookups!$A$2:$A$8,MOD(ROW()-ROW($B$2),ROWS(Lookups!$A$2:$A$8))+1)} -> X95 BRE (Breaching Projectile Launcher) | D31: =_xlfn.XLOOKUP(C31,Analysis_Gadgets!$C:$C,Analysis_Gadgets!$B:$B) -> Gadget | E31: 15 | F31: =_xlfn.XLOOKUP(A31,Class_Players!A:A,Class_Players!G:G) -> 157 | G31: =IF(F31=0,"",E31/F31) -> 0.095541401 | H31: =_xlfn.XLOOKUP(A31,Class_Players!$A:$A,Class_Players!$F:$F,"") -> 18236 | I31: =IF(H31=0,"",E31/H31) -> 0.0008225488 | J31: =IF(I31>=0.1,1,0) -> 0 | K31: {=IF(D31="Gadget",_xlfn.IFS(I31>=0.2,0.5,I31>=0.1,0.35,I31>=0.05,0.2,TRUE,0),IF(D31="Grenade",_xlfn.IFS(I31>=0.2,1,I31>=0.1,0.7,I31>=0.05,0.4,TRUE,0),0))} -> 0 | L31: =IF($K31=0,0,$K31 / SUMIFS($K:$K,$A:$A,$A31,$D:$D,"Gadget")) -> 0
A32: {=IFERROR(INDEX(_xlfn._xlws.FILTER(Class_Players!A:A,Class_Players!B:B="Assault"),QUOTIENT(ROW()-ROW($A$2),7)+1),"")} -> Chopppppperrrrr | B32: =_xlfn.XLOOKUP(A32,Class_Players!$A:$A,Class_Players!$B:$B,"") -> Assault | C32: {=INDEX(Lookups!$A$2:$A$8,MOD(ROW()-ROW($B$2),ROWS(Lookups!$A$2:$A$8))+1)} -> M320A1 HE (Grenade Launcher) | D32: =_xlfn.XLOOKUP(C32,Analysis_Gadgets!$C:$C,Analysis_Gadgets!$B:$B) -> Gadget | E32: 3328 | F32: =_xlfn.XLOOKUP(A32,Class_Players!A:A,Class_Players!G:G) -> 157 | G32: =IF(F32=0,"",E32/F32) -> 21.197452 | H32: =_xlfn.XLOOKUP(A32,Class_Players!$A:$A,Class_Players!$F:$F,"") -> 18236 | I32: =IF(H32=0,"",E32/H32) -> 0.18249616 | J32: =IF(I32>=0.1,1,0) -> 1 | K32: {=IF(D32="Gadget",_xlfn.IFS(I32>=0.2,0.5,I32>=0.1,0.35,I32>=0.05,0.2,TRUE,0),IF(D32="Grenade",_xlfn.IFS(I32>=0.2,1,I32>=0.1,0.7,I32>=0.05,0.4,TRUE,0),0))} -> 0.35 | L32: =IF($K32=0,0,$K32 / SUMIFS($K:$K,$A:$A,$A32,$D:$D,"Gadget")) -> 1
A33: {=IFERROR(INDEX(_xlfn._xlws.FILTER(Class_Players!A:A,Class_Players!B:B="Assault"),QUOTIENT(ROW()-ROW($A$2),7)+1),"")} -> Chopppppperrrrr | B33: =_xlfn.XLOOKUP(A33,Class_Players!$A:$A,Class_Players!$B:$B,"") -> Assault | C33: {=INDEX(Lookups!$A$2:$A$8,MOD(ROW()-ROW($B$2),ROWS(Lookups!$A$2:$A$8))+1)} -> M320A1 THRM (Incendiary Grenade Launcher) | D33: =_xlfn.XLOOKUP(C33,Analysis_Gadgets!$C:$C,Analysis_Gadgets!$B:$B) -> Gadget | E33: 506 | F33: =_xlfn.XLOOKUP(A33,Class_Players!A:A,Class_Players!G:G) -> 157 | G33: =IF(F33=0,"",E33/F33) -> 3.2229299 | H33: =_xlfn.XLOOKUP(A33,Class_Players!$A:$A,Class_Players!$F:$F,"") -> 18236 | I33: =IF(H33=0,"",E33/H33) -> 0.027747313 | J33: =IF(I33>=0.1,1,0) -> 0 | K33: {=IF(D33="Gadget",_xlfn.IFS(I33>=0.2,0.5,I33>=0.1,0.35,I33>=0.05,0.2,TRUE,0),IF(D33="Grenade",_xlfn.IFS(I33>=0.2,1,I33>=0.1,0.7,I33>=0.05,0.4,TRUE,0),0))} -> 0 | L33: =IF($K33=0,0,$K33 / SUMIFS($K:$K,$A:$A,$A33,$D:$D,"Gadget")) -> 0
A34: {=IFERROR(INDEX(_xlfn._xlws.FILTER(Class_Players!A:A,Class_Players!B:B="Assault"),QUOTIENT(ROW()-ROW($A$2),7)+1),"")} -> Chopppppperrrrr | B34: =_xlfn.XLOOKUP(A34,Class_Players!$A:$A,Class_Players!$B:$B,"") -> Assault | C34: {=INDEX(Lookups!$A$2:$A$8,MOD(ROW()-ROW($B$2),ROWS(Lookups!$A$2:$A$8))+1)} -> QLINK (Deploy Beacon) | D34: =_xlfn.XLOOKUP(C34,Analysis_Gadgets!$C:$C,Analysis_Gadgets!$B:$B) -> Gadget | E34: 155 | F34: =_xlfn.XLOOKUP(A34,Class_Players!A:A,Class_Players!G:G) -> 157 | G34: =IF(F34=0,"",E34/F34) -> 0.98726115 | H34: =_xlfn.XLOOKUP(A34,Class_Players!$A:$A,Class_Players!$F:$F,"") -> 18236 | I34: =IF(H34=0,"",E34/H34) -> 0.008499671 | J34: =IF(I34>=0.1,1,0) -> 0 | K34: {=IF(D34="Gadget",_xlfn.IFS(I34>=0.2,0.5,I34>=0.1,0.35,I34>=0.05,0.2,TRUE,0),IF(D34="Grenade",_xlfn.IFS(I34>=0.2,1,I34>=0.1,0.7,I34>=0.05,0.4,TRUE,0),0))} -> 0 | L34: =IF($K34=0,0,$K34 / SUMIFS($K:$K,$A:$A,$A34,$D:$D,"Gadget")) -> 0
A35: {=IFERROR(INDEX(_xlfn._xlws.FILTER(Class_Players!A:A,Class_Players!B:B="Assault"),QUOTIENT(ROW()-ROW($A$2),7)+1),"")} -> Chopppppperrrrr | B35: =_xlfn.XLOOKUP(A35,Class_Players!$A:$A,Class_Players!$B:$B,"") -> Assault | C35: {=INDEX(Lookups!$A$2:$A$8,MOD(ROW()-ROW($B$2),ROWS(Lookups!$A$2:$A$8))+1)} -> Stun Grenade | D35: =_xlfn.XLOOKUP(C35,Analysis_Gadgets!$C:$C,Analysis_Gadgets!$B:$B) -> Grenade | E35: 1 | F35: =_xlfn.XLOOKUP(A35,Class_Players!A:A,Class_Players!G:G) -> 157 | G35: =IF(F35=0,"",E35/F35) -> 0.0063694268 | H35: =_xlfn.XLOOKUP(A35,Class_Players!$A:$A,Class_Players!$F:$F,"") -> 18236 | I35: =IF(H35=0,"",E35/H35) -> 5.4836587e-05 | J35: =IF(I35>=0.1,1,0) -> 0 | K35: {=IF(D35="Gadget",_xlfn.IFS(I35>=0.2,0.5,I35>=0.1,0.35,I35>=0.05,0.2,TRUE,0),IF(D35="Grenade",_xlfn.IFS(I35>=0.2,1,I35>=0.1,0.7,I35>=0.05,0.4,TRUE,0),0))} -> 0 | L35: =IF($K35=0,0,$K35 / SUMIFS($K:$K,$A:$A,$A35,$D:$D,"Grenade")) -> 0
A36: {=IFERROR(INDEX(_xlfn._xlws.FILTER(Class_Players!A:A,Class_Players!B:B="Assault"),QUOTIENT(ROW()-ROW($A$2),7)+1),"")} -> Chopppppperrrrr | B36: =_xlfn.XLOOKUP(A36,Class_Players!$A:$A,Class_Players!$B:$B,"") -> Assault | C36: {=INDEX(Lookups!$A$2:$A$8,MOD(ROW()-ROW($B$2),ROWS(Lookups!$A$2:$A$8))+1)} -> Flash Grenade | D36: =_xlfn.XLOOKUP(C36,Analysis_Gadgets!$C:$C,Analysis_Gadgets!$B:$B) -> Grenade | E36: 0 | F36: =_xlfn.XLOOKUP(A36,Class_Players!A:A,Class_Players!G:G) -> 157 | G36: =IF(F36=0,"",E36/F36) -> 0 | H36: =_xlfn.XLOOKUP(A36,Class_Players!$A:$A,Class_Players!$F:$F,"") -> 18236 | I36: =IF(H36=0,"",E36/H36) -> 0 | J36: =IF(I36>=0.1,1,0) -> 0 | K36: {=IF(D36="Gadget",_xlfn.IFS(I36>=0.2,0.5,I36>=0.1,0.35,I36>=0.05,0.2,TRUE,0),IF(D36="Grenade",_xlfn.IFS(I36>=0.2,1,I36>=0.1,0.7,I36>=0.05,0.4,TRUE,0),0))} -> 0 | L36: =IF($K36=0,0,$K36 / SUMIFS($K:$K,$A:$A,$A36,$D:$D,"Grenade")) -> 0
A37: {=IFERROR(INDEX(_xlfn._xlws.FILTER(Class_Players!A:A,Class_Players!B:B="Assault"),QUOTIENT(ROW()-ROW($A$2),7)+1),"")} -> d00hn!e+ | B37: =_xlfn.XLOOKUP(A37,Class_Players!$A:$A,Class_Players!$B:$B,"") -> Assault | C37: {=INDEX(Lookups!$A$2:$A$8,MOD(ROW()-ROW($B$2),ROWS(Lookups!$A$2:$A$8))+1)} -> Assault Ladder | D37: =_xlfn.XLOOKUP(C37,Analysis_Gadgets!$C:$C,Analysis_Gadgets!$B:$B) -> Gadget | E37: 2 | F37: =_xlfn.XLOOKUP(A37,Class_Players!A:A,Class_Players!G:G) -> 350 | G37: =IF(F37=0,"",E37/F37) -> 0.0057142857 | H37: =_xlfn.XLOOKUP(A37,Class_Players!$A:$A,Class_Players!$F:$F,"") -> 17549 | I37: =IF(H37=0,"",E37/H37) -> 0.00011396661 | J37: =IF(I37>=0.1,1,0) -> 0 | K37: {=IF(D37="Gadget",_xlfn.IFS(I37>=0.2,0.5,I37>=0.1,0.35,I37>=0.05,0.2,TRUE,0),IF(D37="Grenade",_xlfn.IFS(I37>=0.2,1,I37>=0.1,0.7,I37>=0.05,0.4,TRUE,0),0))} -> 0 | L37: =IF($K37=0,0,$K37 / SUMIFS($K:$K,$A:$A,$A37,$D:$D,"Gadget")) -> 0
A38: {=IFERROR(INDEX(_xlfn._xlws.FILTER(Class_Players!A:A,Class_Players!B:B="Assault"),QUOTIENT(ROW()-ROW($A$2),7)+1),"")} -> d00hn!e+ | B38: =_xlfn.XLOOKUP(A38,Class_Players!$A:$A,Class_Players!$B:$B,"") -> Assault | C38: {=INDEX(Lookups!$A$2:$A$8,MOD(ROW()-ROW($B$2),ROWS(Lookups!$A$2:$A$8))+1)} -> X95 BRE (Breaching Projectile Launcher) | D38: =_xlfn.XLOOKUP(C38,Analysis_Gadgets!$C:$C,Analysis_Gadgets!$B:$B) -> Gadget | E38: 146 | F38: =_xlfn.XLOOKUP(A38,Class_Players!A:A,Class_Players!G:G) -> 350 | G38: =IF(F38=0,"",E38/F38) -> 0.41714286 | H38: =_xlfn.XLOOKUP(A38,Class_Players!$A:$A,Class_Players!$F:$F,"") -> 17549 | I38: =IF(H38=0,"",E38/H38) -> 0.0083195624 | J38: =IF(I38>=0.1,1,0) -> 0 | K38: {=IF(D38="Gadget",_xlfn.IFS(I38>=0.2,0.5,I38>=0.1,0.35,I38>=0.05,0.2,TRUE,0),IF(D38="Grenade",_xlfn.IFS(I38>=0.2,1,I38>=0.1,0.7,I38>=0.05,0.4,TRUE,0),0))} -> 0 | L38: =IF($K38=0,0,$K38 / SUMIFS($K:$K,$A:$A,$A38,$D:$D,"Gadget")) -> 0
A39: {=IFERROR(INDEX(_xlfn._xlws.FILTER(Class_Players!A:A,Class_Players!B:B="Assault"),QUOTIENT(ROW()-ROW($A$2),7)+1),"")} -> d00hn!e+ | B39: =_xlfn.XLOOKUP(A39,Class_Players!$A:$A,Class_Players!$B:$B,"") -> Assault | C39: {=INDEX(Lookups!$A$2:$A$8,MOD(ROW()-ROW($B$2),ROWS(Lookups!$A$2:$A$8))+1)} -> M320A1 HE (Grenade Launcher) | D39: =_xlfn.XLOOKUP(C39,Analysis_Gadgets!$C:$C,Analysis_Gadgets!$B:$B) -> Gadget | E39: 1383 | F39: =_xlfn.XLOOKUP(A39,Class_Players!A:A,Class_Players!G:G) -> 350 | G39: =IF(F39=0,"",E39/F39) -> 3.9514286 | H39: =_xlfn.XLOOKUP(A39,Class_Players!$A:$A,Class_Players!$F:$F,"") -> 17549 | I39: =IF(H39=0,"",E39/H39) -> 0.078807909 | J39: =IF(I39>=0.1,1,0) -> 0 | K39: {=IF(D39="Gadget",_xlfn.IFS(I39>=0.2,0.5,I39>=0.1,0.35,I39>=0.05,0.2,TRUE,0),IF(D39="Grenade",_xlfn.IFS(I39>=0.2,1,I39>=0.1,0.7,I39>=0.05,0.4,TRUE,0),0))} -> 0.2 | L39: =IF($K39=0,0,$K39 / SUMIFS($K:$K,$A:$A,$A39,$D:$D,"Gadget")) -> 0.28571429
A40: {=IFERROR(INDEX(_xlfn._xlws.FILTER(Class_Players!A:A,Class_Players!B:B="Assault"),QUOTIENT(ROW()-ROW($A$2),7)+1),"")} -> d00hn!e+ | B40: =_xlfn.XLOOKUP(A40,Class_Players!$A:$A,Class_Players!$B:$B,"") -> Assault | C40: {=INDEX(Lookups!$A$2:$A$8,MOD(ROW()-ROW($B$2),ROWS(Lookups!$A$2:$A$8))+1)} -> M320A1 THRM (Incendiary Grenade Launcher) | D40: =_xlfn.XLOOKUP(C40,Analysis_Gadgets!$C:$C,Analysis_Gadgets!$B:$B) -> Gadget | E40: 7574 | F40: =_xlfn.XLOOKUP(A40,Class_Players!A:A,Class_Players!G:G) -> 350 | G40: =IF(F40=0,"",E40/F40) -> 21.64 | H40: =_xlfn.XLOOKUP(A40,Class_Players!$A:$A,Class_Players!$F:$F,"") -> 17549 | I40: =IF(H40=0,"",E40/H40) -> 0.43159154 | J40: =IF(I40>=0.1,1,0) -> 1 | K40: {=IF(D40="Gadget",_xlfn.IFS(I40>=0.2,0.5,I40>=0.1,0.35,I40>=0.05,0.2,TRUE,0),IF(D40="Grenade",_xlfn.IFS(I40>=0.2,1,I40>=0.1,0.7,I40>=0.05,0.4,TRUE,0),0))} -> 0.5 | L40: =IF($K40=0,0,$K40 / SUMIFS($K:$K,$A:$A,$A40,$D:$D,"Gadget")) -> 0.71428571
A41: {=IFERROR(INDEX(_xlfn._xlws.FILTER(Class_Players!A:A,Class_Players!B:B="Assault"),QUOTIENT(ROW()-ROW($A$2),7)+1),"")} -> d00hn!e+ | B41: =_xlfn.XLOOKUP(A41,Class_Players!$A:$A,Class_Players!$B:$B,"") -> Assault | C41: {=INDEX(Lookups!$A$2:$A$8,MOD(ROW()-ROW($B$2),ROWS(Lookups!$A$2:$A$8))+1)} -> QLINK (Deploy Beacon) | D41: =_xlfn.XLOOKUP(C41,Analysis_Gadgets!$C:$C,Analysis_Gadgets!$B:$B) -> Gadget | E41: 1 | F41: =_xlfn.XLOOKUP(A41,Class_Players!A:A,Class_Players!G:G) -> 350 | G41: =IF(F41=0,"",E41/F41) -> 0.0028571429 | H41: =_xlfn.XLOOKUP(A41,Class_Players!$A:$A,Class_Players!$F:$F,"") -> 17549 | I41: =IF(H41=0,"",E41/H41) -> 5.6983304e-05 | J41: =IF(I41>=0.1,1,0) -> 0 | K41: {=IF(D41="Gadget",_xlfn.IFS(I41>=0.2,0.5,I41>=0.1,0.35,I41>=0.05,0.2,TRUE,0),IF(D41="Grenade",_xlfn.IFS(I41>=0.2,1,I41>=0.1,0.7,I41>=0.05,0.4,TRUE,0),0))} -> 0 | L41: =IF($K41=0,0,$K41 / SUMIFS($K:$K,$A:$A,$A41,$D:$D,"Gadget")) -> 0
A42: {=IFERROR(INDEX(_xlfn._xlws.FILTER(Class_Players!A:A,Class_Players!B:B="Assault"),QUOTIENT(ROW()-ROW($A$2),7)+1),"")} -> d00hn!e+ | B42: =_xlfn.XLOOKUP(A42,Class_Players!$A:$A,Class_Players!$B:$B,"") -> Assault | C42: {=INDEX(Lookups!$A$2:$A$8,MOD(ROW()-ROW($B$2),ROWS(Lookups!$A$2:$A$8))+1)} -> Stun Grenade | D42: =_xlfn.XLOOKUP(C42,Analysis_Gadgets!$C:$C,Analysis_Gadgets!$B:$B) -> Grenade | E42: 8 | F42: =_xlfn.XLOOKUP(A42,Class_Players!A:A,Class_Players!G:G) -> 350 | G42: =IF(F42=0,"",E42/F42) -> 0.022857143 | H42: =_xlfn.XLOOKUP(A42,Class_Players!$A:$A,Class_Players!$F:$F,"") -> 17549 | I42: =IF(H42=0,"",E42/H42) -> 0.00045586643 | J42: =IF(I42>=0.1,1,0) -> 0 | K42: {=IF(D42="Gadget",_xlfn.IFS(I42>=0.2,0.5,I42>=0.1,0.35,I42>=0.05,0.2,TRUE,0),IF(D42="Grenade",_xlfn.IFS(I42>=0.2,1,I42>=0.1,0.7,I42>=0.05,0.4,TRUE,0),0))} -> 0 | L42: =IF($K42=0,0,$K42 / SUMIFS($K:$K,$A:$A,$A42,$D:$D,"Grenade")) -> 0
A43: {=IFERROR(INDEX(_xlfn._xlws.FILTER(Class_Players!A:A,Class_Players!B:B="Assault"),QUOTIENT(ROW()-ROW($A$2),7)+1),"")} -> d00hn!e+ | B43: =_xlfn.XLOOKUP(A43,Class_Players!$A:$A,Class_Players!$B:$B,"") -> Assault | C43: {=INDEX(Lookups!$A$2:$A$8,MOD(ROW()-ROW($B$2),ROWS(Lookups!$A$2:$A$8))+1)} -> Flash Grenade | D43: =_xlfn.XLOOKUP(C43,Analysis_Gadgets!$C:$C,Analysis_Gadgets!$B:$B) -> Grenade | E43: 1 | F43: =_xlfn.XLOOKUP(A43,Class_Players!A:A,Class_Players!G:G) -> 350 | G43: =IF(F43=0,"",E43/F43) -> 0.0028571429 | H43: =_xlfn.XLOOKUP(A43,Class_Players!$A:$A,Class_Players!$F:$F,"") -> 17549 | I43: =IF(H43=0,"",E43/H43) -> 5.6983304e-05 | J43: =IF(I43>=0.1,1,0) -> 0 | K43: {=IF(D43="Gadget",_xlfn.IFS(I43>=0.2,0.5,I43>=0.1,0.35,I43>=0.05,0.2,TRUE,0),IF(D43="Grenade",_xlfn.IFS(I43>=0.2,1,I43>=0.1,0.7,I43>=0.05,0.4,TRUE,0),0))} -> 0 | L43: =IF($K43=0,0,$K43 / SUMIFS($K:$K,$A:$A,$A43,$D:$D,"Grenade")) -> 0
A44: {=IFERROR(INDEX(_xlfn._xlws.FILTER(Class_Players!A:A,Class_Players!B:B="Assault"),QUOTIENT(ROW()-ROW($A$2),7)+1),"")} -> Wiesiu_PL | B44: =_xlfn.XLOOKUP(A44,Class_Players!$A:$A,Class_Players!$B:$B,"") -> Assault | C44: {=INDEX(Lookups!$A$2:$A$8,MOD(ROW()-ROW($B$2),ROWS(Lookups!$A$2:$A$8))+1)} -> Assault Ladder | D44: =_xlfn.XLOOKUP(C44,Analysis_Gadgets!$C:$C,Analysis_Gadgets!$B:$B) -> Gadget | E44: 28 | F44: =_xlfn.XLOOKUP(A44,Class_Players!A:A,Class_Players!G:G) -> 307 | G44: =IF(F44=0,"",E44/F44) -> 0.091205212 | H44: =_xlfn.XLOOKUP(A44,Class_Players!$A:$A,Class_Players!$F:$F,"") -> 16810 | I44: =IF(H44=0,"",E44/H44) -> 0.0016656752 | J44: =IF(I44>=0.1,1,0) -> 0 | K44: {=IF(D44="Gadget",_xlfn.IFS(I44>=0.2,0.5,I44>=0.1,0.35,I44>=0.05,0.2,TRUE,0),IF(D44="Grenade",_xlfn.IFS(I44>=0.2,1,I44>=0.1,0.7,I44>=0.05,0.4,TRUE,0),0))} -> 0 | L44: =IF($K44=0,0,$K44 / SUMIFS($K:$K,$A:$A,$A44,$D:$D,"Gadget")) -> 0
A45: {=IFERROR(INDEX(_xlfn._xlws.FILTER(Class_Players!A:A,Class_Players!B:B="Assault"),QUOTIENT(ROW()-ROW($A$2),7)+1),"")} -> Wiesiu_PL | B45: =_xlfn.XLOOKUP(A45,Class_Players!$A:$A,Class_Players!$B:$B,"") -> Assault | C45: {=INDEX(Lookups!$A$2:$A$8,MOD(ROW()-ROW($B$2),ROWS(Lookups!$A$2:$A$8))+1)} -> X95 BRE (Breaching Projectile Launcher) | D45: =_xlfn.XLOOKUP(C45,Analysis_Gadgets!$C:$C,Analysis_Gadgets!$B:$B) -> Gadget | E45: 63 | F45: =_xlfn.XLOOKUP(A45,Class_Players!A:A,Class_Players!G:G) -> 307 | G45: =IF(F45=0,"",E45/F45) -> 0.20521173 | H45: =_xlfn.XLOOKUP(A45,Class_Players!$A:$A,Class_Players!$F:$F,"") -> 16810 | I45: =IF(H45=0,"",E45/H45) -> 0.0037477692 | J45: =IF(I45>=0.1,1,0) -> 0 | K45: {=IF(D45="Gadget",_xlfn.IFS(I45>=0.2,0.5,I45>=0.1,0.35,I45>=0.05,0.2,TRUE,0),IF(D45="Grenade",_xlfn.IFS(I45>=0.2,1,I45>=0.1,0.7,I45>=0.05,0.4,TRUE,0),0))} -> 0 | L45: =IF($K45=0,0,$K45 / SUMIFS($K:$K,$A:$A,$A45,$D:$D,"Gadget")) -> 0
A46: {=IFERROR(INDEX(_xlfn._xlws.FILTER(Class_Players!A:A,Class_Players!B:B="Assault"),QUOTIENT(ROW()-ROW($A$2),7)+1),"")} -> Wiesiu_PL | B46: =_xlfn.XLOOKUP(A46,Class_Players!$A:$A,Class_Players!$B:$B,"") -> Assault | C46: {=INDEX(Lookups!$A$2:$A$8,MOD(ROW()-ROW($B$2),ROWS(Lookups!$A$2:$A$8))+1)} -> M320A1 HE (Grenade Launcher) | D46: =_xlfn.XLOOKUP(C46,Analysis_Gadgets!$C:$C,Analysis_Gadgets!$B:$B) -> Gadget | E46: 182 | F46: =_xlfn.XLOOKUP(A46,Class_Players!A:A,Class_Players!G:G) -> 307 | G46: =IF(F46=0,"",E46/F46) -> 0.59283388 | H46: =_xlfn.XLOOKUP(A46,Class_Players!$A:$A,Class_Players!$F:$F,"") -> 16810 | I46: =IF(H46=0,"",E46/H46) -> 0.010826889 | J46: =IF(I46>=0.1,1,0) -> 0 | K46: {=IF(D46="Gadget",_xlfn.IFS(I46>=0.2,0.5,I46>=0.1,0.35,I46>=0.05,0.2,TRUE,0),IF(D46="Grenade",_xlfn.IFS(I46>=0.2,1,I46>=0.1,0.7,I46>=0.05,0.4,TRUE,0),0))} -> 0 | L46: =IF($K46=0,0,$K46 / SUMIFS($K:$K,$A:$A,$A46,$D:$D,"Gadget")) -> 0
A47: {=IFERROR(INDEX(_xlfn._xlws.FILTER(Class_Players!A:A,Class_Players!B:B="Assault"),QUOTIENT(ROW()-ROW($A$2),7)+1),"")} -> Wiesiu_PL | B47: =_xlfn.XLOOKUP(A47,Class_Players!$A:$A,Class_Players!$B:$B,"") -> Assault | C47: {=INDEX(Lookups!$A$2:$A$8,MOD(ROW()-ROW($B$2),ROWS(Lookups!$A$2:$A$8))+1)} -> M320A1 THRM (Incendiary Grenade Launcher) | D47: =_xlfn.XLOOKUP(C47,Analysis_Gadgets!$C:$C,Analysis_Gadgets!$B:$B) -> Gadget | E47: 434 | F47: =_xlfn.XLOOKUP(A47,Class_Players!A:A,Class_Players!G:G) -> 307 | G47: =IF(F47=0,"",E47/F47) -> 1.4136808 | H47: =_xlfn.XLOOKUP(A47,Class_Players!$A:$A,Class_Players!$F:$F,"") -> 16810 | I47: =IF(H47=0,"",E47/H47) -> 0.025817965 | J47: =IF(I47>=0.1,1,0) -> 0 | K47: {=IF(D47="Gadget",_xlfn.IFS(I47>=0.2,0.5,I47>=0.1,0.35,I47>=0.05,0.2,TRUE,0),IF(D47="Grenade",_xlfn.IFS(I47>=0.2,1,I47>=0.1,0.7,I47>=0.05,0.4,TRUE,0),0))} -> 0 | L47: =IF($K47=0,0,$K47 / SUMIFS($K:$K,$A:$A,$A47,$D:$D,"Gadget")) -> 0
A48: {=IFERROR(INDEX(_xlfn._xlws.FILTER(Class_Players!A:A,Class_Players!B:B="Assault"),QUOTIENT(ROW()-ROW($A$2),7)+1),"")} -> Wiesiu_PL | B48: =_xlfn.XLOOKUP(A48,Class_Players!$A:$A,Class_Players!$B:$B,"") -> Assault | C48: {=INDEX(Lookups!$A$2:$A$8,MOD(ROW()-ROW($B$2),ROWS(Lookups!$A$2:$A$8))+1)} -> QLINK (Deploy Beacon) | D48: =_xlfn.XLOOKUP(C48,Analysis_Gadgets!$C:$C,Analysis_Gadgets!$B:$B) -> Gadget | E48: 5218 | F48: =_xlfn.XLOOKUP(A48,Class_Players!A:A,Class_Players!G:G) -> 307 | G48: =IF(F48=0,"",E48/F48) -> 16.996743 | H48: =_xlfn.XLOOKUP(A48,Class_Players!$A:$A,Class_Players!$F:$F,"") -> 16810 | I48: =IF(H48=0,"",E48/H48) -> 0.31041047 | J48: =IF(I48>=0.1,1,0) -> 1 | K48: {=IF(D48="Gadget",_xlfn.IFS(I48>=0.2,0.5,I48>=0.1,0.35,I48>=0.05,0.2,TRUE,0),IF(D48="Grenade",_xlfn.IFS(I48>=0.2,1,I48>=0.1,0.7,I48>=0.05,0.4,TRUE,0),0))} -> 0.5 | L48: =IF($K48=0,0,$K48 / SUMIFS($K:$K,$A:$A,$A48,$D:$D,"Gadget")) -> 1
A49: {=IFERROR(INDEX(_xlfn._xlws.FILTER(Class_Players!A:A,Class_Players!B:B="Assault"),QUOTIENT(ROW()-ROW($A$2),7)+1),"")} -> Wiesiu_PL | B49: =_xlfn.XLOOKUP(A49,Class_Players!$A:$A,Class_Players!$B:$B,"") -> Assault | C49: {=INDEX(Lookups!$A$2:$A$8,MOD(ROW()-ROW($B$2),ROWS(Lookups!$A$2:$A$8))+1)} -> Stun Grenade | D49: =_xlfn.XLOOKUP(C49,Analysis_Gadgets!$C:$C,Analysis_Gadgets!$B:$B) -> Grenade | E49: 72 | F49: =_xlfn.XLOOKUP(A49,Class_Players!A:A,Class_Players!G:G) -> 307 | G49: =IF(F49=0,"",E49/F49) -> 0.23452769 | H49: =_xlfn.XLOOKUP(A49,Class_Players!$A:$A,Class_Players!$F:$F,"") -> 16810 | I49: =IF(H49=0,"",E49/H49) -> 0.0042831648 | J49: =IF(I49>=0.1,1,0) -> 0 | K49: {=IF(D49="Gadget",_xlfn.IFS(I49>=0.2,0.5,I49>=0.1,0.35,I49>=0.05,0.2,TRUE,0),IF(D49="Grenade",_xlfn.IFS(I49>=0.2,1,I49>=0.1,0.7,I49>=0.05,0.4,TRUE,0),0))} -> 0 | L49: =IF($K49=0,0,$K49 / SUMIFS($K:$K,$A:$A,$A49,$D:$D,"Grenade")) -> 0
A50: {=IFERROR(INDEX(_xlfn._xlws.FILTER(Class_Players!A:A,Class_Players!B:B="Assault"),QUOTIENT(ROW()-ROW($A$2),7)+1),"")} -> Wiesiu_PL | B50: =_xlfn.XLOOKUP(A50,Class_Players!$A:$A,Class_Players!$B:$B,"") -> Assault | C50: {=INDEX(Lookups!$A$2:$A$8,MOD(ROW()-ROW($B$2),ROWS(Lookups!$A$2:$A$8))+1)} -> Flash Grenade | D50: =_xlfn.XLOOKUP(C50,Analysis_Gadgets!$C:$C,Analysis_Gadgets!$B:$B) -> Grenade | E50: 26 | F50: =_xlfn.XLOOKUP(A50,Class_Players!A:A,Class_Players!G:G) -> 307 | G50: =IF(F50=0,"",E50/F50) -> 0.084690554 | H50: =_xlfn.XLOOKUP(A50,Class_Players!$A:$A,Class_Players!$F:$F,"") -> 16810 | I50: =IF(H50=0,"",E50/H50) -> 0.0015466984 | J50: =IF(I50>=0.1,1,0) -> 0 | K50: {=IF(D50="Gadget",_xlfn.IFS(I50>=0.2,0.5,I50>=0.1,0.35,I50>=0.05,0.2,TRUE,0),IF(D50="Grenade",_xlfn.IFS(I50>=0.2,1,I50>=0.1,0.7,I50>=0.05,0.4,TRUE,0),0))} -> 0 | L50: =IF($K50=0,0,$K50 / SUMIFS($K:$K,$A:$A,$A50,$D:$D,"Grenade")) -> 0
A51: {=IFERROR(INDEX(_xlfn._xlws.FILTER(Class_Players!A:A,Class_Players!B:B="Assault"),QUOTIENT(ROW()-ROW($A$2),7)+1),"")} -> Nathanchor | B51: =_xlfn.XLOOKUP(A51,Class_Players!$A:$A,Class_Players!$B:$B,"") -> Assault | C51: {=INDEX(Lookups!$A$2:$A$8,MOD(ROW()-ROW($B$2),ROWS(Lookups!$A$2:$A$8))+1)} -> Assault Ladder | D51: =_xlfn.XLOOKUP(C51,Analysis_Gadgets!$C:$C,Analysis_Gadgets!$B:$B) -> Gadget | E51: 87 | F51: =_xlfn.XLOOKUP(A51,Class_Players!A:A,Class_Players!G:G) -> 317 | G51: =IF(F51=0,"",E51/F51) -> 0.27444795 | H51: =_xlfn.XLOOKUP(A51,Class_Players!$A:$A,Class_Players!$F:$F,"") -> 16195 | I51: =IF(H51=0,"",E51/H51) -> 0.0053720284 | J51: =IF(I51>=0.1,1,0) -> 0 | K51: {=IF(D51="Gadget",_xlfn.IFS(I51>=0.2,0.5,I51>=0.1,0.35,I51>=0.05,0.2,TRUE,0),IF(D51="Grenade",_xlfn.IFS(I51>=0.2,1,I51>=0.1,0.7,I51>=0.05,0.4,TRUE,0),0))} -> 0 | L51: =IF($K51=0,0,$K51 / SUMIFS($K:$K,$A:$A,$A51,$D:$D,"Gadget")) -> 0
A52: {=IFERROR(INDEX(_xlfn._xlws.FILTER(Class_Players!A:A,Class_Players!B:B="Assault"),QUOTIENT(ROW()-ROW($A$2),7)+1),"")} -> Nathanchor | B52: =_xlfn.XLOOKUP(A52,Class_Players!$A:$A,Class_Players!$B:$B,"") -> Assault | C52: {=INDEX(Lookups!$A$2:$A$8,MOD(ROW()-ROW($B$2),ROWS(Lookups!$A$2:$A$8))+1)} -> X95 BRE (Breaching Projectile Launcher) | D52: =_xlfn.XLOOKUP(C52,Analysis_Gadgets!$C:$C,Analysis_Gadgets!$B:$B) -> Gadget | E52: 96 | F52: =_xlfn.XLOOKUP(A52,Class_Players!A:A,Class_Players!G:G) -> 317 | G52: =IF(F52=0,"",E52/F52) -> 0.30283912 | H52: =_xlfn.XLOOKUP(A52,Class_Players!$A:$A,Class_Players!$F:$F,"") -> 16195 | I52: =IF(H52=0,"",E52/H52) -> 0.0059277555 | J52: =IF(I52>=0.1,1,0) -> 0 | K52: {=IF(D52="Gadget",_xlfn.IFS(I52>=0.2,0.5,I52>=0.1,0.35,I52>=0.05,0.2,TRUE,0),IF(D52="Grenade",_xlfn.IFS(I52>=0.2,1,I52>=0.1,0.7,I52>=0.05,0.4,TRUE,0),0))} -> 0 | L52: =IF($K52=0,0,$K52 / SUMIFS($K:$K,$A:$A,$A52,$D:$D,"Gadget")) -> 0
A53: {=IFERROR(INDEX(_xlfn._xlws.FILTER(Class_Players!A:A,Class_Players!B:B="Assault"),QUOTIENT(ROW()-ROW($A$2),7)+1),"")} -> Nathanchor | B53: =_xlfn.XLOOKUP(A53,Class_Players!$A:$A,Class_Players!$B:$B,"") -> Assault | C53: {=INDEX(Lookups!$A$2:$A$8,MOD(ROW()-ROW($B$2),ROWS(Lookups!$A$2:$A$8))+1)} -> M320A1 HE (Grenade Launcher) | D53: =_xlfn.XLOOKUP(C53,Analysis_Gadgets!$C:$C,Analysis_Gadgets!$B:$B) -> Gadget | E53: 2766 | F53: =_xlfn.XLOOKUP(A53,Class_Players!A:A,Class_Players!G:G) -> 317 | G53: =IF(F53=0,"",E53/F53) -> 8.7255521 | H53: =_xlfn.XLOOKUP(A53,Class_Players!$A:$A,Class_Players!$F:$F,"") -> 16195 | I53: =IF(H53=0,"",E53/H53) -> 0.17079345 | J53: =IF(I53>=0.1,1,0) -> 1 | K53: {=IF(D53="Gadget",_xlfn.IFS(I53>=0.2,0.5,I53>=0.1,0.35,I53>=0.05,0.2,TRUE,0),IF(D53="Grenade",_xlfn.IFS(I53>=0.2,1,I53>=0.1,0.7,I53>=0.05,0.4,TRUE,0),0))} -> 0.35 | L53: =IF($K53=0,0,$K53 / SUMIFS($K:$K,$A:$A,$A53,$D:$D,"Gadget")) -> 0.41176471
A54: {=IFERROR(INDEX(_xlfn._xlws.FILTER(Class_Players!A:A,Class_Players!B:B="Assault"),QUOTIENT(ROW()-ROW($A$2),7)+1),"")} -> Nathanchor | B54: =_xlfn.XLOOKUP(A54,Class_Players!$A:$A,Class_Players!$B:$B,"") -> Assault | C54: {=INDEX(Lookups!$A$2:$A$8,MOD(ROW()-ROW($B$2),ROWS(Lookups!$A$2:$A$8))+1)} -> M320A1 THRM (Incendiary Grenade Launcher) | D54: =_xlfn.XLOOKUP(C54,Analysis_Gadgets!$C:$C,Analysis_Gadgets!$B:$B) -> Gadget | E54: 412 | F54: =_xlfn.XLOOKUP(A54,Class_Players!A:A,Class_Players!G:G) -> 317 | G54: =IF(F54=0,"",E54/F54) -> 1.2996845 | H54: =_xlfn.XLOOKUP(A54,Class_Players!$A:$A,Class_Players!$F:$F,"") -> 16195 | I54: =IF(H54=0,"",E54/H54) -> 0.025439951 | J54: =IF(I54>=0.1,1,0) -> 0 | K54: {=IF(D54="Gadget",_xlfn.IFS(I54>=0.2,0.5,I54>=0.1,0.35,I54>=0.05,0.2,TRUE,0),IF(D54="Grenade",_xlfn.IFS(I54>=0.2,1,I54>=0.1,0.7,I54>=0.05,0.4,TRUE,0),0))} -> 0 | L54: =IF($K54=0,0,$K54 / SUMIFS($K:$K,$A:$A,$A54,$D:$D,"Gadget")) -> 0
A55: {=IFERROR(INDEX(_xlfn._xlws.FILTER(Class_Players!A:A,Class_Players!B:B="Assault"),QUOTIENT(ROW()-ROW($A$2),7)+1),"")} -> Nathanchor | B55: =_xlfn.XLOOKUP(A55,Class_Players!$A:$A,Class_Players!$B:$B,"") -> Assault | C55: {=INDEX(Lookups!$A$2:$A$8,MOD(ROW()-ROW($B$2),ROWS(Lookups!$A$2:$A$8))+1)} -> QLINK (Deploy Beacon) | D55: =_xlfn.XLOOKUP(C55,Analysis_Gadgets!$C:$C,Analysis_Gadgets!$B:$B) -> Gadget | E55: 10398 | F55: =_xlfn.XLOOKUP(A55,Class_Players!A:A,Class_Players!G:G) -> 317 | G55: =IF(F55=0,"",E55/F55) -> 32.801262 | H55: =_xlfn.XLOOKUP(A55,Class_Players!$A:$A,Class_Players!$F:$F,"") -> 16195 | I55: =IF(H55=0,"",E55/H55) -> 0.64205002 | J55: =IF(I55>=0.1,1,0) -> 1 | K55: {=IF(D55="Gadget",_xlfn.IFS(I55>=0.2,0.5,I55>=0.1,0.35,I55>=0.05,0.2,TRUE,0),IF(D55="Grenade",_xlfn.IFS(I55>=0.2,1,I55>=0.1,0.7,I55>=0.05,0.4,TRUE,0),0))} -> 0.5 | L55: =IF($K55=0,0,$K55 / SUMIFS($K:$K,$A:$A,$A55,$D:$D,"Gadget")) -> 0.58823529
A56: {=IFERROR(INDEX(_xlfn._xlws.FILTER(Class_Players!A:A,Class_Players!B:B="Assault"),QUOTIENT(ROW()-ROW($A$2),7)+1),"")} -> Nathanchor | B56: =_xlfn.XLOOKUP(A56,Class_Players!$A:$A,Class_Players!$B:$B,"") -> Assault | C56: {=INDEX(Lookups!$A$2:$A$8,MOD(ROW()-ROW($B$2),ROWS(Lookups!$A$2:$A$8))+1)} -> Stun Grenade | D56: =_xlfn.XLOOKUP(C56,Analysis_Gadgets!$C:$C,Analysis_Gadgets!$B:$B) -> Grenade | E56: 23 | F56: =_xlfn.XLOOKUP(A56,Class_Players!A:A,Class_Players!G:G) -> 317 | G56: =IF(F56=0,"",E56/F56) -> 0.072555205 | H56: =_xlfn.XLOOKUP(A56,Class_Players!$A:$A,Class_Players!$F:$F,"") -> 16195 | I56: =IF(H56=0,"",E56/H56) -> 0.0014201914 | J56: =IF(I56>=0.1,1,0) -> 0 | K56: {=IF(D56="Gadget",_xlfn.IFS(I56>=0.2,0.5,I56>=0.1,0.35,I56>=0.05,0.2,TRUE,0),IF(D56="Grenade",_xlfn.IFS(I56>=0.2,1,I56>=0.1,0.7,I56>=0.05,0.4,TRUE,0),0))} -> 0 | L56: =IF($K56=0,0,$K56 / SUMIFS($K:$K,$A:$A,$A56,$D:$D,"Grenade")) -> 0
A57: {=IFERROR(INDEX(_xlfn._xlws.FILTER(Class_Players!A:A,Class_Players!B:B="Assault"),QUOTIENT(ROW()-ROW($A$2),7)+1),"")} -> Nathanchor | B57: =_xlfn.XLOOKUP(A57,Class_Players!$A:$A,Class_Players!$B:$B,"") -> Assault | C57: {=INDEX(Lookups!$A$2:$A$8,MOD(ROW()-ROW($B$2),ROWS(Lookups!$A$2:$A$8))+1)} -> Flash Grenade | D57: =_xlfn.XLOOKUP(C57,Analysis_Gadgets!$C:$C,Analysis_Gadgets!$B:$B) -> Grenade | E57: 384 | F57: =_xlfn.XLOOKUP(A57,Class_Players!A:A,Class_Players!G:G) -> 317 | G57: =IF(F57=0,"",E57/F57) -> 1.2113565 | H57: =_xlfn.XLOOKUP(A57,Class_Players!$A:$A,Class_Players!$F:$F,"") -> 16195 | I57: =IF(H57=0,"",E57/H57) -> 0.023711022 | J57: =IF(I57>=0.1,1,0) -> 0 | K57: {=IF(D57="Gadget",_xlfn.IFS(I57>=0.2,0.5,I57>=0.1,0.35,I57>=0.05,0.2,TRUE,0),IF(D57="Grenade",_xlfn.IFS(I57>=0.2,1,I57>=0.1,0.7,I57>=0.05,0.4,TRUE,0),0))} -> 0 | L57: =IF($K57=0,0,$K57 / SUMIFS($K:$K,$A:$A,$A57,$D:$D,"Grenade")) -> 0
A58: {=IFERROR(INDEX(_xlfn._xlws.FILTER(Class_Players!A:A,Class_Players!B:B="Assault"),QUOTIENT(ROW()-ROW($A$2),7)+1),"")} -> Sempire90 | B58: =_xlfn.XLOOKUP(A58,Class_Players!$A:$A,Class_Players!$B:$B,"") -> Assault | C58: {=INDEX(Lookups!$A$2:$A$8,MOD(ROW()-ROW($B$2),ROWS(Lookups!$A$2:$A$8))+1)} -> Assault Ladder | D58: =_xlfn.XLOOKUP(C58,Analysis_Gadgets!$C:$C,Analysis_Gadgets!$B:$B) -> Gadget | E58: 483 | F58: =_xlfn.XLOOKUP(A58,Class_Players!A:A,Class_Players!G:G) -> 159 | G58: =IF(F58=0,"",E58/F58) -> 3.0377358 | H58: =_xlfn.XLOOKUP(A58,Class_Players!$A:$A,Class_Players!$F:$F,"") -> 15789 | I58: =IF(H58=0,"",E58/H58) -> 0.030590918 | J58: =IF(I58>=0.1,1,0) -> 0 | K58: {=IF(D58="Gadget",_xlfn.IFS(I58>=0.2,0.5,I58>=0.1,0.35,I58>=0.05,0.2,TRUE,0),IF(D58="Grenade",_xlfn.IFS(I58>=0.2,1,I58>=0.1,0.7,I58>=0.05,0.4,TRUE,0),0))} -> 0 | L58: =IF($K58=0,0,$K58 / SUMIFS($K:$K,$A:$A,$A58,$D:$D,"Gadget")) -> 0
A59: {=IFERROR(INDEX(_xlfn._xlws.FILTER(Class_Players!A:A,Class_Players!B:B="Assault"),QUOTIENT(ROW()-ROW($A$2),7)+1),"")} -> Sempire90 | B59: =_xlfn.XLOOKUP(A59,Class_Players!$A:$A,Class_Players!$B:$B,"") -> Assault | C59: {=INDEX(Lookups!$A$2:$A$8,MOD(ROW()-ROW($B$2),ROWS(Lookups!$A$2:$A$8))+1)} -> X95 BRE (Breaching Projectile Launcher) | D59: =_xlfn.XLOOKUP(C59,Analysis_Gadgets!$C:$C,Analysis_Gadgets!$B:$B) -> Gadget | E59: 2 | F59: =_xlfn.XLOOKUP(A59,Class_Players!A:A,Class_Players!G:G) -> 159 | G59: =IF(F59=0,"",E59/F59) -> 0.012578616 | H59: =_xlfn.XLOOKUP(A59,Class_Players!$A:$A,Class_Players!$F:$F,"") -> 15789 | I59: =IF(H59=0,"",E59/H59) -> 0.00012667047 | J59: =IF(I59>=0.1,1,0) -> 0 | K59: {=IF(D59="Gadget",_xlfn.IFS(I59>=0.2,0.5,I59>=0.1,0.35,I59>=0.05,0.2,TRUE,0),IF(D59="Grenade",_xlfn.IFS(I59>=0.2,1,I59>=0.1,0.7,I59>=0.05,0.4,TRUE,0),0))} -> 0 | L59: =IF($K59=0,0,$K59 / SUMIFS($K:$K,$A:$A,$A59,$D:$D,"Gadget")) -> 0
A60: {=IFERROR(INDEX(_xlfn._xlws.FILTER(Class_Players!A:A,Class_Players!B:B="Assault"),QUOTIENT(ROW()-ROW($A$2),7)+1),"")} -> Sempire90 | B60: =_xlfn.XLOOKUP(A60,Class_Players!$A:$A,Class_Players!$B:$B,"") -> Assault | C60: {=INDEX(Lookups!$A$2:$A$8,MOD(ROW()-ROW($B$2),ROWS(Lookups!$A$2:$A$8))+1)} -> M320A1 HE (Grenade Launcher) | D60: =_xlfn.XLOOKUP(C60,Analysis_Gadgets!$C:$C,Analysis_Gadgets!$B:$B) -> Gadget | E60: 5672 | F60: =_xlfn.XLOOKUP(A60,Class_Players!A:A,Class_Players!G:G) -> 159 | G60: =IF(F60=0,"",E60/F60) -> 35.672956 | H60: =_xlfn.XLOOKUP(A60,Class_Players!$A:$A,Class_Players!$F:$F,"") -> 15789 | I60: =IF(H60=0,"",E60/H60) -> 0.35923744 | J60: =IF(I60>=0.1,1,0) -> 1 | K60: {=IF(D60="Gadget",_xlfn.IFS(I60>=0.2,0.5,I60>=0.1,0.35,I60>=0.05,0.2,TRUE,0),IF(D60="Grenade",_xlfn.IFS(I60>=0.2,1,I60>=0.1,0.7,I60>=0.05,0.4,TRUE,0),0))} -> 0.5 | L60: =IF($K60=0,0,$K60 / SUMIFS($K:$K,$A:$A,$A60,$D:$D,"Gadget")) -> 1
A61: {=IFERROR(INDEX(_xlfn._xlws.FILTER(Class_Players!A:A,Class_Players!B:B="Assault"),QUOTIENT(ROW()-ROW($A$2),7)+1),"")} -> Sempire90 | B61: =_xlfn.XLOOKUP(A61,Class_Players!$A:$A,Class_Players!$B:$B,"") -> Assault | C61: {=INDEX(Lookups!$A$2:$A$8,MOD(ROW()-ROW($B$2),ROWS(Lookups!$A$2:$A$8))+1)} -> M320A1 THRM (Incendiary Grenade Launcher) | D61: =_xlfn.XLOOKUP(C61,Analysis_Gadgets!$C:$C,Analysis_Gadgets!$B:$B) -> Gadget | E61: 23 | F61: =_xlfn.XLOOKUP(A61,Class_Players!A:A,Class_Players!G:G) -> 159 | G61: =IF(F61=0,"",E61/F61) -> 0.14465409 | H61: =_xlfn.XLOOKUP(A61,Class_Players!$A:$A,Class_Players!$F:$F,"") -> 15789 | I61: =IF(H61=0,"",E61/H61) -> 0.0014567104 | J61: =IF(I61>=0.1,1,0) -> 0 | K61: {=IF(D61="Gadget",_xlfn.IFS(I61>=0.2,0.5,I61>=0.1,0.35,I61>=0.05,0.2,TRUE,0),IF(D61="Grenade",_xlfn.IFS(I61>=0.2,1,I61>=0.1,0.7,I61>=0.05,0.4,TRUE,0),0))} -> 0 | L61: =IF($K61=0,0,$K61 / SUMIFS($K:$K,$A:$A,$A61,$D:$D,"Gadget")) -> 0
A62: {=IFERROR(INDEX(_xlfn._xlws.FILTER(Class_Players!A:A,Class_Players!B:B="Assault"),QUOTIENT(ROW()-ROW($A$2),7)+1),"")} -> Sempire90 | B62: =_xlfn.XLOOKUP(A62,Class_Players!$A:$A,Class_Players!$B:$B,"") -> Assault | C62: {=INDEX(Lookups!$A$2:$A$8,MOD(ROW()-ROW($B$2),ROWS(Lookups!$A$2:$A$8))+1)} -> QLINK (Deploy Beacon) | D62: =_xlfn.XLOOKUP(C62,Analysis_Gadgets!$C:$C,Analysis_Gadgets!$B:$B) -> Gadget | E62: 133 | F62: =_xlfn.XLOOKUP(A62,Class_Players!A:A,Class_Players!G:G) -> 159 | G62: =IF(F62=0,"",E62/F62) -> 0.83647799 | H62: =_xlfn.XLOOKUP(A62,Class_Players!$A:$A,Class_Players!$F:$F,"") -> 15789 | I62: =IF(H62=0,"",E62/H62) -> 0.008423586 | J62: =IF(I62>=0.1,1,0) -> 0 | K62: {=IF(D62="Gadget",_xlfn.IFS(I62>=0.2,0.5,I62>=0.1,0.35,I62>=0.05,0.2,TRUE,0),IF(D62="Grenade",_xlfn.IFS(I62>=0.2,1,I62>=0.1,0.7,I62>=0.05,0.4,TRUE,0),0))} -> 0 | L62: =IF($K62=0,0,$K62 / SUMIFS($K:$K,$A:$A,$A62,$D:$D,"Gadget")) -> 0
A63: {=IFERROR(INDEX(_xlfn._xlws.FILTER(Class_Players!A:A,Class_Players!B:B="Assault"),QUOTIENT(ROW()-ROW($A$2),7)+1),"")} -> Sempire90 | B63: =_xlfn.XLOOKUP(A63,Class_Players!$A:$A,Class_Players!$B:$B,"") -> Assault | C63: {=INDEX(Lookups!$A$2:$A$8,MOD(ROW()-ROW($B$2),ROWS(Lookups!$A$2:$A$8))+1)} -> Stun Grenade | D63: =_xlfn.XLOOKUP(C63,Analysis_Gadgets!$C:$C,Analysis_Gadgets!$B:$B) -> Grenade | E63: 169 | F63: =_xlfn.XLOOKUP(A63,Class_Players!A:A,Class_Players!G:G) -> 159 | G63: =IF(F63=0,"",E63/F63) -> 1.0628931 | H63: =_xlfn.XLOOKUP(A63,Class_Players!$A:$A,Class_Players!$F:$F,"") -> 15789 | I63: =IF(H63=0,"",E63/H63) -> 0.010703654 | J63: =IF(I63>=0.1,1,0) -> 0 | K63: {=IF(D63="Gadget",_xlfn.IFS(I63>=0.2,0.5,I63>=0.1,0.35,I63>=0.05,0.2,TRUE,0),IF(D63="Grenade",_xlfn.IFS(I63>=0.2,1,I63>=0.1,0.7,I63>=0.05,0.4,TRUE,0),0))} -> 0 | L63: =IF($K63=0,0,$K63 / SUMIFS($K:$K,$A:$A,$A63,$D:$D,"Grenade")) -> 0
A64: {=IFERROR(INDEX(_xlfn._xlws.FILTER(Class_Players!A:A,Class_Players!B:B="Assault"),QUOTIENT(ROW()-ROW($A$2),7)+1),"")} -> Sempire90 | B64: =_xlfn.XLOOKUP(A64,Class_Players!$A:$A,Class_Players!$B:$B,"") -> Assault | C64: {=INDEX(Lookups!$A$2:$A$8,MOD(ROW()-ROW($B$2),ROWS(Lookups!$A$2:$A$8))+1)} -> Flash Grenade | D64: =_xlfn.XLOOKUP(C64,Analysis_Gadgets!$C:$C,Analysis_Gadgets!$B:$B) -> Grenade | E64: 6 | F64: =_xlfn.XLOOKUP(A64,Class_Players!A:A,Class_Players!G:G) -> 159 | G64: =IF(F64=0,"",E64/F64) -> 0.037735849 | H64: =_xlfn.XLOOKUP(A64,Class_Players!$A:$A,Class_Players!$F:$F,"") -> 15789 | I64: =IF(H64=0,"",E64/H64) -> 0.0003800114 | J64: =IF(I64>=0.1,1,0) -> 0 | K64: {=IF(D64="Gadget",_xlfn.IFS(I64>=0.2,0.5,I64>=0.1,0.35,I64>=0.05,0.2,TRUE,0),IF(D64="Grenade",_xlfn.IFS(I64>=0.2,1,I64>=0.1,0.7,I64>=0.05,0.4,TRUE,0),0))} -> 0 | L64: =IF($K64=0,0,$K64 / SUMIFS($K:$K,$A:$A,$A64,$D:$D,"Grenade")) -> 0
A65: {=IFERROR(INDEX(_xlfn._xlws.FILTER(Class_Players!A:A,Class_Players!B:B="Assault"),QUOTIENT(ROW()-ROW($A$2),7)+1),"")} -> frothandbubble | B65: =_xlfn.XLOOKUP(A65,Class_Players!$A:$A,Class_Players!$B:$B,"") -> Assault | C65: {=INDEX(Lookups!$A$2:$A$8,MOD(ROW()-ROW($B$2),ROWS(Lookups!$A$2:$A$8))+1)} -> Assault Ladder | D65: =_xlfn.XLOOKUP(C65,Analysis_Gadgets!$C:$C,Analysis_Gadgets!$B:$B) -> Gadget | E65: 631 | F65: =_xlfn.XLOOKUP(A65,Class_Players!A:A,Class_Players!G:G) -> 393 | G65: =IF(F65=0,"",E65/F65) -> 1.605598 | H65: =_xlfn.XLOOKUP(A65,Class_Players!$A:$A,Class_Players!$F:$F,"") -> 15912 | I65: =IF(H65=0,"",E65/H65) -> 0.039655606 | J65: =IF(I65>=0.1,1,0) -> 0 | K65: {=IF(D65="Gadget",_xlfn.IFS(I65>=0.2,0.5,I65>=0.1,0.35,I65>=0.05,0.2,TRUE,0),IF(D65="Grenade",_xlfn.IFS(I65>=0.2,1,I65>=0.1,0.7,I65>=0.05,0.4,TRUE,0),0))} -> 0 | L65: =IF($K65=0,0,$K65 / SUMIFS($K:$K,$A:$A,$A65,$D:$D,"Gadget")) -> 0
A66: {=IFERROR(INDEX(_xlfn._xlws.FILTER(Class_Players!A:A,Class_Players!B:B="Assault"),QUOTIENT(ROW()-ROW($A$2),7)+1),"")} -> frothandbubble | B66: =_xlfn.XLOOKUP(A66,Class_Players!$A:$A,Class_Players!$B:$B,"") -> Assault | C66: {=INDEX(Lookups!$A$2:$A$8,MOD(ROW()-ROW($B$2),ROWS(Lookups!$A$2:$A$8))+1)} -> X95 BRE (Breaching Projectile Launcher) | D66: =_xlfn.XLOOKUP(C66,Analysis_Gadgets!$C:$C,Analysis_Gadgets!$B:$B) -> Gadget | E66: 0 | F66: =_xlfn.XLOOKUP(A66,Class_Players!A:A,Class_Players!G:G) -> 393 | G66: =IF(F66=0,"",E66/F66) -> 0 | H66: =_xlfn.XLOOKUP(A66,Class_Players!$A:$A,Class_Players!$F:$F,"") -> 15912 | I66: =IF(H66=0,"",E66/H66) -> 0 | J66: =IF(I66>=0.1,1,0) -> 0 | K66: {=IF(D66="Gadget",_xlfn.IFS(I66>=0.2,0.5,I66>=0.1,0.35,I66>=0.05,0.2,TRUE,0),IF(D66="Grenade",_xlfn.IFS(I66>=0.2,1,I66>=0.1,0.7,I66>=0.05,0.4,TRUE,0),0))} -> 0 | L66: =IF($K66=0,0,$K66 / SUMIFS($K:$K,$A:$A,$A66,$D:$D,"Gadget")) -> 0
A67: {=IFERROR(INDEX(_xlfn._xlws.FILTER(Class_Players!A:A,Class_Players!B:B="Assault"),QUOTIENT(ROW()-ROW($A$2),7)+1),"")} -> frothandbubble | B67: =_xlfn.XLOOKUP(A67,Class_Players!$A:$A,Class_Players!$B:$B,"") -> Assault | C67: {=INDEX(Lookups!$A$2:$A$8,MOD(ROW()-ROW($B$2),ROWS(Lookups!$A$2:$A$8))+1)} -> M320A1 HE (Grenade Launcher) | D67: =_xlfn.XLOOKUP(C67,Analysis_Gadgets!$C:$C,Analysis_Gadgets!$B:$B) -> Gadget | E67: 0 | F67: =_xlfn.XLOOKUP(A67,Class_Players!A:A,Class_Players!G:G) -> 393 | G67: =IF(F67=0,"",E67/F67) -> 0 | H67: =_xlfn.XLOOKUP(A67,Class_Players!$A:$A,Class_Players!$F:$F,"") -> 15912 | I67: =IF(H67=0,"",E67/H67) -> 0 | J67: =IF(I67>=0.1,1,0) -> 0 | K67: {=IF(D67="Gadget",_xlfn.IFS(I67>=0.2,0.5,I67>=0.1,0.35,I67>=0.05,0.2,TRUE,0),IF(D67="Grenade",_xlfn.IFS(I67>=0.2,1,I67>=0.1,0.7,I67>=0.05,0.4,TRUE,0),0))} -> 0 | L67: =IF($K67=0,0,$K67 / SUMIFS($K:$K,$A:$A,$A67,$D:$D,"Gadget")) -> 0
A68: {=IFERROR(INDEX(_xlfn._xlws.FILTER(Class_Players!A:A,Class_Players!B:B="Assault"),QUOTIENT(ROW()-ROW($A$2),7)+1),"")} -> frothandbubble | B68: =_xlfn.XLOOKUP(A68,Class_Players!$A:$A,Class_Players!$B:$B,"") -> Assault | C68: {=INDEX(Lookups!$A$2:$A$8,MOD(ROW()-ROW($B$2),ROWS(Lookups!$A$2:$A$8))+1)} -> M320A1 THRM (Incendiary Grenade Launcher) | D68: =_xlfn.XLOOKUP(C68,Analysis_Gadgets!$C:$C,Analysis_Gadgets!$B:$B) -> Gadget | E68: 137 | F68: =_xlfn.XLOOKUP(A68,Class_Players!A:A,Class_Players!G:G) -> 393 | G68: =IF(F68=0,"",E68/F68) -> 0.34860051 | H68: =_xlfn.XLOOKUP(A68,Class_Players!$A:$A,Class_Players!$F:$F,"") -> 15912 | I68: =IF(H68=0,"",E68/H68) -> 0.0086098542 | J68: =IF(I68>=0.1,1,0) -> 0 | K68: {=IF(D68="Gadget",_xlfn.IFS(I68>=0.2,0.5,I68>=0.1,0.35,I68>=0.05,0.2,TRUE,0),IF(D68="Grenade",_xlfn.IFS(I68>=0.2,1,I68>=0.1,0.7,I68>=0.05,0.4,TRUE,0),0))} -> 0 | L68: =IF($K68=0,0,$K68 / SUMIFS($K:$K,$A:$A,$A68,$D:$D,"Gadget")) -> 0
A69: {=IFERROR(INDEX(_xlfn._xlws.FILTER(Class_Players!A:A,Class_Players!B:B="Assault"),QUOTIENT(ROW()-ROW($A$2),7)+1),"")} -> frothandbubble | B69: =_xlfn.XLOOKUP(A69,Class_Players!$A:$A,Class_Players!$B:$B,"") -> Assault | C69: {=INDEX(Lookups!$A$2:$A$8,MOD(ROW()-ROW($B$2),ROWS(Lookups!$A$2:$A$8))+1)} -> QLINK (Deploy Beacon) | D69: =_xlfn.XLOOKUP(C69,Analysis_Gadgets!$C:$C,Analysis_Gadgets!$B:$B) -> Gadget | E69: 2095 | F69: =_xlfn.XLOOKUP(A69,Class_Players!A:A,Class_Players!G:G) -> 393 | G69: =IF(F69=0,"",E69/F69) -> 5.3307888 | H69: =_xlfn.XLOOKUP(A69,Class_Players!$A:$A,Class_Players!$F:$F,"") -> 15912 | I69: =IF(H69=0,"",E69/H69) -> 0.13166164 | J69: =IF(I69>=0.1,1,0) -> 1 | K69: {=IF(D69="Gadget",_xlfn.IFS(I69>=0.2,0.5,I69>=0.1,0.35,I69>=0.05,0.2,TRUE,0),IF(D69="Grenade",_xlfn.IFS(I69>=0.2,1,I69>=0.1,0.7,I69>=0.05,0.4,TRUE,0),0))} -> 0.35 | L69: =IF($K69=0,0,$K69 / SUMIFS($K:$K,$A:$A,$A69,$D:$D,"Gadget")) -> 1
A70: {=IFERROR(INDEX(_xlfn._xlws.FILTER(Class_Players!A:A,Class_Players!B:B="Assault"),QUOTIENT(ROW()-ROW($A$2),7)+1),"")} -> frothandbubble | B70: =_xlfn.XLOOKUP(A70,Class_Players!$A:$A,Class_Players!$B:$B,"") -> Assault | C70: {=INDEX(Lookups!$A$2:$A$8,MOD(ROW()-ROW($B$2),ROWS(Lookups!$A$2:$A$8))+1)} -> Stun Grenade | D70: =_xlfn.XLOOKUP(C70,Analysis_Gadgets!$C:$C,Analysis_Gadgets!$B:$B) -> Grenade | E70: 269 | F70: =_xlfn.XLOOKUP(A70,Class_Players!A:A,Class_Players!G:G) -> 393 | G70: =IF(F70=0,"",E70/F70) -> 0.68447837 | H70: =_xlfn.XLOOKUP(A70,Class_Players!$A:$A,Class_Players!$F:$F,"") -> 15912 | I70: =IF(H70=0,"",E70/H70) -> 0.01690548 | J70: =IF(I70>=0.1,1,0) -> 0 | K70: {=IF(D70="Gadget",_xlfn.IFS(I70>=0.2,0.5,I70>=0.1,0.35,I70>=0.05,0.2,TRUE,0),IF(D70="Grenade",_xlfn.IFS(I70>=0.2,1,I70>=0.1,0.7,I70>=0.05,0.4,TRUE,0),0))} -> 0 | L70: =IF($K70=0,0,$K70 / SUMIFS($K:$K,$A:$A,$A70,$D:$D,"Grenade")) -> 0
A71: {=IFERROR(INDEX(_xlfn._xlws.FILTER(Class_Players!A:A,Class_Players!B:B="Assault"),QUOTIENT(ROW()-ROW($A$2),7)+1),"")} -> frothandbubble | B71: =_xlfn.XLOOKUP(A71,Class_Players!$A:$A,Class_Players!$B:$B,"") -> Assault | C71: {=INDEX(Lookups!$A$2:$A$8,MOD(ROW()-ROW($B$2),ROWS(Lookups!$A$2:$A$8))+1)} -> Flash Grenade | D71: =_xlfn.XLOOKUP(C71,Analysis_Gadgets!$C:$C,Analysis_Gadgets!$B:$B) -> Grenade | E71: 0 | F71: =_xlfn.XLOOKUP(A71,Class_Players!A:A,Class_Players!G:G) -> 393 | G71: =IF(F71=0,"",E71/F71) -> 0 | H71: =_xlfn.XLOOKUP(A71,Class_Players!$A:$A,Class_Players!$F:$F,"") -> 15912 | I71: =IF(H71=0,"",E71/H71) -> 0 | J71: =IF(I71>=0.1,1,0) -> 0 | K71: {=IF(D71="Gadget",_xlfn.IFS(I71>=0.2,0.5,I71>=0.1,0.35,I71>=0.05,0.2,TRUE,0),IF(D71="Grenade",_xlfn.IFS(I71>=0.2,1,I71>=0.1,0.7,I71>=0.05,0.4,TRUE,0),0))} -> 0 | L71: =IF($K71=0,0,$K71 / SUMIFS($K:$K,$A:$A,$A71,$D:$D,"Grenade")) -> 0
A72: {=IFERROR(INDEX(_xlfn._xlws.FILTER(Class_Players!A:A,Class_Players!B:B="Assault"),QUOTIENT(ROW()-ROW($A$2),7)+1),"")} -> VARIIANT99 | B72: =_xlfn.XLOOKUP(A72,Class_Players!$A:$A,Class_Players!$B:$B,"") -> Assault | C72: {=INDEX(Lookups!$A$2:$A$8,MOD(ROW()-ROW($B$2),ROWS(Lookups!$A$2:$A$8))+1)} -> Assault Ladder | D72: =_xlfn.XLOOKUP(C72,Analysis_Gadgets!$C:$C,Analysis_Gadgets!$B:$B) -> Gadget | E72: 4 | F72: =_xlfn.XLOOKUP(A72,Class_Players!A:A,Class_Players!G:G) -> 252 | G72: =IF(F72=0,"",E72/F72) -> 0.015873016 | H72: =_xlfn.XLOOKUP(A72,Class_Players!$A:$A,Class_Players!$F:$F,"") -> 15421 | I72: =IF(H72=0,"",E72/H72) -> 0.00025938655 | J72: =IF(I72>=0.1,1,0) -> 0 | K72: {=IF(D72="Gadget",_xlfn.IFS(I72>=0.2,0.5,I72>=0.1,0.35,I72>=0.05,0.2,TRUE,0),IF(D72="Grenade",_xlfn.IFS(I72>=0.2,1,I72>=0.1,0.7,I72>=0.05,0.4,TRUE,0),0))} -> 0 | L72: =IF($K72=0,0,$K72 / SUMIFS($K:$K,$A:$A,$A72,$D:$D,"Gadget")) -> 0
A73: {=IFERROR(INDEX(_xlfn._xlws.FILTER(Class_Players!A:A,Class_Players!B:B="Assault"),QUOTIENT(ROW()-ROW($A$2),7)+1),"")} -> VARIIANT99 | B73: =_xlfn.XLOOKUP(A73,Class_Players!$A:$A,Class_Players!$B:$B,"") -> Assault | C73: {=INDEX(Lookups!$A$2:$A$8,MOD(ROW()-ROW($B$2),ROWS(Lookups!$A$2:$A$8))+1)} -> X95 BRE (Breaching Projectile Launcher) | D73: =_xlfn.XLOOKUP(C73,Analysis_Gadgets!$C:$C,Analysis_Gadgets!$B:$B) -> Gadget | E73: 1 | F73: =_xlfn.XLOOKUP(A73,Class_Players!A:A,Class_Players!G:G) -> 252 | G73: =IF(F73=0,"",E73/F73) -> 0.003968254 | H73: =_xlfn.XLOOKUP(A73,Class_Players!$A:$A,Class_Players!$F:$F,"") -> 15421 | I73: =IF(H73=0,"",E73/H73) -> 6.4846638e-05 | J73: =IF(I73>=0.1,1,0) -> 0 | K73: {=IF(D73="Gadget",_xlfn.IFS(I73>=0.2,0.5,I73>=0.1,0.35,I73>=0.05,0.2,TRUE,0),IF(D73="Grenade",_xlfn.IFS(I73>=0.2,1,I73>=0.1,0.7,I73>=0.05,0.4,TRUE,0),0))} -> 0 | L73: =IF($K73=0,0,$K73 / SUMIFS($K:$K,$A:$A,$A73,$D:$D,"Gadget")) -> 0
A74: {=IFERROR(INDEX(_xlfn._xlws.FILTER(Class_Players!A:A,Class_Players!B:B="Assault"),QUOTIENT(ROW()-ROW($A$2),7)+1),"")} -> VARIIANT99 | B74: =_xlfn.XLOOKUP(A74,Class_Players!$A:$A,Class_Players!$B:$B,"") -> Assault | C74: {=INDEX(Lookups!$A$2:$A$8,MOD(ROW()-ROW($B$2),ROWS(Lookups!$A$2:$A$8))+1)} -> M320A1 HE (Grenade Launcher) | D74: =_xlfn.XLOOKUP(C74,Analysis_Gadgets!$C:$C,Analysis_Gadgets!$B:$B) -> Gadget | E74: 0 | F74: =_xlfn.XLOOKUP(A74,Class_Players!A:A,Class_Players!G:G) -> 252 | G74: =IF(F74=0,"",E74/F74) -> 0 | H74: =_xlfn.XLOOKUP(A74,Class_Players!$A:$A,Class_Players!$F:$F,"") -> 15421 | I74: =IF(H74=0,"",E74/H74) -> 0 | J74: =IF(I74>=0.1,1,0) -> 0 | K74: {=IF(D74="Gadget",_xlfn.IFS(I74>=0.2,0.5,I74>=0.1,0.35,I74>=0.05,0.2,TRUE,0),IF(D74="Grenade",_xlfn.IFS(I74>=0.2,1,I74>=0.1,0.7,I74>=0.05,0.4,TRUE,0),0))} -> 0 | L74: =IF($K74=0,0,$K74 / SUMIFS($K:$K,$A:$A,$A74,$D:$D,"Gadget")) -> 0
A75: {=IFERROR(INDEX(_xlfn._xlws.FILTER(Class_Players!A:A,Class_Players!B:B="Assault"),QUOTIENT(ROW()-ROW($A$2),7)+1),"")} -> VARIIANT99 | B75: =_xlfn.XLOOKUP(A75,Class_Players!$A:$A,Class_Players!$B:$B,"") -> Assault | C75: {=INDEX(Lookups!$A$2:$A$8,MOD(ROW()-ROW($B$2),ROWS(Lookups!$A$2:$A$8))+1)} -> M320A1 THRM (Incendiary Grenade Launcher) | D75: =_xlfn.XLOOKUP(C75,Analysis_Gadgets!$C:$C,Analysis_Gadgets!$B:$B) -> Gadget | E75: 0 | F75: =_xlfn.XLOOKUP(A75,Class_Players!A:A,Class_Players!G:G) -> 252 | G75: =IF(F75=0,"",E75/F75) -> 0 | H75: =_xlfn.XLOOKUP(A75,Class_Players!$A:$A,Class_Players!$F:$F,"") -> 15421 | I75: =IF(H75=0,"",E75/H75) -> 0 | J75: =IF(I75>=0.1,1,0) -> 0 | K75: {=IF(D75="Gadget",_xlfn.IFS(I75>=0.2,0.5,I75>=0.1,0.35,I75>=0.05,0.2,TRUE,0),IF(D75="Grenade",_xlfn.IFS(I75>=0.2,1,I75>=0.1,0.7,I75>=0.05,0.4,TRUE,0),0))} -> 0 | L75: =IF($K75=0,0,$K75 / SUMIFS($K:$K,$A:$A,$A75,$D:$D,"Gadget")) -> 0
A76: {=IFERROR(INDEX(_xlfn._xlws.FILTER(Class_Players!A:A,Class_Players!B:B="Assault"),QUOTIENT(ROW()-ROW($A$2),7)+1),"")} -> VARIIANT99 | B76: =_xlfn.XLOOKUP(A76,Class_Players!$A:$A,Class_Players!$B:$B,"") -> Assault | C76: {=INDEX(Lookups!$A$2:$A$8,MOD(ROW()-ROW($B$2),ROWS(Lookups!$A$2:$A$8))+1)} -> QLINK (Deploy Beacon) | D76: =_xlfn.XLOOKUP(C76,Analysis_Gadgets!$C:$C,Analysis_Gadgets!$B:$B) -> Gadget | E76: 4688 | F76: =_xlfn.XLOOKUP(A76,Class_Players!A:A,Class_Players!G:G) -> 252 | G76: =IF(F76=0,"",E76/F76) -> 18.603175 | H76: =_xlfn.XLOOKUP(A76,Class_Players!$A:$A,Class_Players!$F:$F,"") -> 15421 | I76: =IF(H76=0,"",E76/H76) -> 0.30400104 | J76: =IF(I76>=0.1,1,0) -> 1 | K76: {=IF(D76="Gadget",_xlfn.IFS(I76>=0.2,0.5,I76>=0.1,0.35,I76>=0.05,0.2,TRUE,0),IF(D76="Grenade",_xlfn.IFS(I76>=0.2,1,I76>=0.1,0.7,I76>=0.05,0.4,TRUE,0),0))} -> 0.5 | L76: =IF($K76=0,0,$K76 / SUMIFS($K:$K,$A:$A,$A76,$D:$D,"Gadget")) -> 1
A77: {=IFERROR(INDEX(_xlfn._xlws.FILTER(Class_Players!A:A,Class_Players!B:B="Assault"),QUOTIENT(ROW()-ROW($A$2),7)+1),"")} -> VARIIANT99 | B77: =_xlfn.XLOOKUP(A77,Class_Players!$A:$A,Class_Players!$B:$B,"") -> Assault | C77: {=INDEX(Lookups!$A$2:$A$8,MOD(ROW()-ROW($B$2),ROWS(Lookups!$A$2:$A$8))+1)} -> Stun Grenade | D77: =_xlfn.XLOOKUP(C77,Analysis_Gadgets!$C:$C,Analysis_Gadgets!$B:$B) -> Grenade | E77: 32 | F77: =_xlfn.XLOOKUP(A77,Class_Players!A:A,Class_Players!G:G) -> 252 | G77: =IF(F77=0,"",E77/F77) -> 0.12698413 | H77: =_xlfn.XLOOKUP(A77,Class_Players!$A:$A,Class_Players!$F:$F,"") -> 15421 | I77: =IF(H77=0,"",E77/H77) -> 0.0020750924 | J77: =IF(I77>=0.1,1,0) -> 0 | K77: {=IF(D77="Gadget",_xlfn.IFS(I77>=0.2,0.5,I77>=0.1,0.35,I77>=0.05,0.2,TRUE,0),IF(D77="Grenade",_xlfn.IFS(I77>=0.2,1,I77>=0.1,0.7,I77>=0.05,0.4,TRUE,0),0))} -> 0 | L77: =IF($K77=0,0,$K77 / SUMIFS($K:$K,$A:$A,$A77,$D:$D,"Grenade")) -> 0
A78: {=IFERROR(INDEX(_xlfn._xlws.FILTER(Class_Players!A:A,Class_Players!B:B="Assault"),QUOTIENT(ROW()-ROW($A$2),7)+1),"")} -> VARIIANT99 | B78: =_xlfn.XLOOKUP(A78,Class_Players!$A:$A,Class_Players!$B:$B,"") -> Assault | C78: {=INDEX(Lookups!$A$2:$A$8,MOD(ROW()-ROW($B$2),ROWS(Lookups!$A$2:$A$8))+1)} -> Flash Grenade | D78: =_xlfn.XLOOKUP(C78,Analysis_Gadgets!$C:$C,Analysis_Gadgets!$B:$B) -> Grenade | E78: 30 | F78: =_xlfn.XLOOKUP(A78,Class_Players!A:A,Class_Players!G:G) -> 252 | G78: =IF(F78=0,"",E78/F78) -> 0.11904762 | H78: =_xlfn.XLOOKUP(A78,Class_Players!$A:$A,Class_Players!$F:$F,"") -> 15421 | I78: =IF(H78=0,"",E78/H78) -> 0.0019453991 | J78: =IF(I78>=0.1,1,0) -> 0 | K78: {=IF(D78="Gadget",_xlfn.IFS(I78>=0.2,0.5,I78>=0.1,0.35,I78>=0.05,0.2,TRUE,0),IF(D78="Grenade",_xlfn.IFS(I78>=0.2,1,I78>=0.1,0.7,I78>=0.05,0.4,TRUE,0),0))} -> 0 | L78: =IF($K78=0,0,$K78 / SUMIFS($K:$K,$A:$A,$A78,$D:$D,"Grenade")) -> 0
A79: {=IFERROR(INDEX(_xlfn._xlws.FILTER(Class_Players!A:A,Class_Players!B:B="Assault"),QUOTIENT(ROW()-ROW($A$2),7)+1),"")} -> Plasem | B79: =_xlfn.XLOOKUP(A79,Class_Players!$A:$A,Class_Players!$B:$B,"") -> Assault | C79: {=INDEX(Lookups!$A$2:$A$8,MOD(ROW()-ROW($B$2),ROWS(Lookups!$A$2:$A$8))+1)} -> Assault Ladder | D79: =_xlfn.XLOOKUP(C79,Analysis_Gadgets!$C:$C,Analysis_Gadgets!$B:$B) -> Gadget | E79: 430 | F79: =_xlfn.XLOOKUP(A79,Class_Players!A:A,Class_Players!G:G) -> 381 | G79: =IF(F79=0,"",E79/F79) -> 1.1286089 | H79: =_xlfn.XLOOKUP(A79,Class_Players!$A:$A,Class_Players!$F:$F,"") -> 14952 | I79: =IF(H79=0,"",E79/H79) -> 0.028758694 | J79: =IF(I79>=0.1,1,0) -> 0 | K79: {=IF(D79="Gadget",_xlfn.IFS(I79>=0.2,0.5,I79>=0.1,0.35,I79>=0.05,0.2,TRUE,0),IF(D79="Grenade",_xlfn.IFS(I79>=0.2,1,I79>=0.1,0.7,I79>=0.05,0.4,TRUE,0),0))} -> 0 | L79: =IF($K79=0,0,$K79 / SUMIFS($K:$K,$A:$A,$A79,$D:$D,"Gadget")) -> 0
A80: {=IFERROR(INDEX(_xlfn._xlws.FILTER(Class_Players!A:A,Class_Players!B:B="Assault"),QUOTIENT(ROW()-ROW($A$2),7)+1),"")} -> Plasem | B80: =_xlfn.XLOOKUP(A80,Class_Players!$A:$A,Class_Players!$B:$B,"") -> Assault | C80: {=INDEX(Lookups!$A$2:$A$8,MOD(ROW()-ROW($B$2),ROWS(Lookups!$A$2:$A$8))+1)} -> X95 BRE (Breaching Projectile Launcher) | D80: =_xlfn.XLOOKUP(C80,Analysis_Gadgets!$C:$C,Analysis_Gadgets!$B:$B) -> Gadget | E80: 26 | F80: =_xlfn.XLOOKUP(A80,Class_Players!A:A,Class_Players!G:G) -> 381 | G80: =IF(F80=0,"",E80/F80) -> 0.06824147 | H80: =_xlfn.XLOOKUP(A80,Class_Players!$A:$A,Class_Players!$F:$F,"") -> 14952 | I80: =IF(H80=0,"",E80/H80) -> 0.0017388978 | J80: =IF(I80>=0.1,1,0) -> 0 | K80: {=IF(D80="Gadget",_xlfn.IFS(I80>=0.2,0.5,I80>=0.1,0.35,I80>=0.05,0.2,TRUE,0),IF(D80="Grenade",_xlfn.IFS(I80>=0.2,1,I80>=0.1,0.7,I80>=0.05,0.4,TRUE,0),0))} -> 0 | L80: =IF($K80=0,0,$K80 / SUMIFS($K:$K,$A:$A,$A80,$D:$D,"Gadget")) -> 0
A81: {=IFERROR(INDEX(_xlfn._xlws.FILTER(Class_Players!A:A,Class_Players!B:B="Assault"),QUOTIENT(ROW()-ROW($A$2),7)+1),"")} -> Plasem | B81: =_xlfn.XLOOKUP(A81,Class_Players!$A:$A,Class_Players!$B:$B,"") -> Assault | C81: {=INDEX(Lookups!$A$2:$A$8,MOD(ROW()-ROW($B$2),ROWS(Lookups!$A$2:$A$8))+1)} -> M320A1 HE (Grenade Launcher) | D81: =_xlfn.XLOOKUP(C81,Analysis_Gadgets!$C:$C,Analysis_Gadgets!$B:$B) -> Gadget | E81: 1662 | F81: =_xlfn.XLOOKUP(A81,Class_Players!A:A,Class_Players!G:G) -> 381 | G81: =IF(F81=0,"",E81/F81) -> 4.3622047 | H81: =_xlfn.XLOOKUP(A81,Class_Players!$A:$A,Class_Players!$F:$F,"") -> 14952 | I81: =IF(H81=0,"",E81/H81) -> 0.1111557 | J81: =IF(I81>=0.1,1,0) -> 1 | K81: {=IF(D81="Gadget",_xlfn.IFS(I81>=0.2,0.5,I81>=0.1,0.35,I81>=0.05,0.2,TRUE,0),IF(D81="Grenade",_xlfn.IFS(I81>=0.2,1,I81>=0.1,0.7,I81>=0.05,0.4,TRUE,0),0))} -> 0.35 | L81: =IF($K81=0,0,$K81 / SUMIFS($K:$K,$A:$A,$A81,$D:$D,"Gadget")) -> 0.41176471
A82: {=IFERROR(INDEX(_xlfn._xlws.FILTER(Class_Players!A:A,Class_Players!B:B="Assault"),QUOTIENT(ROW()-ROW($A$2),7)+1),"")} -> Plasem | B82: =_xlfn.XLOOKUP(A82,Class_Players!$A:$A,Class_Players!$B:$B,"") -> Assault | C82: {=INDEX(Lookups!$A$2:$A$8,MOD(ROW()-ROW($B$2),ROWS(Lookups!$A$2:$A$8))+1)} -> M320A1 THRM (Incendiary Grenade Launcher) | D82: =_xlfn.XLOOKUP(C82,Analysis_Gadgets!$C:$C,Analysis_Gadgets!$B:$B) -> Gadget | E82: 58 | F82: =_xlfn.XLOOKUP(A82,Class_Players!A:A,Class_Players!G:G) -> 381 | G82: =IF(F82=0,"",E82/F82) -> 0.15223097 | H82: =_xlfn.XLOOKUP(A82,Class_Players!$A:$A,Class_Players!$F:$F,"") -> 14952 | I82: =IF(H82=0,"",E82/H82) -> 0.0038790797 | J82: =IF(I82>=0.1,1,0) -> 0 | K82: {=IF(D82="Gadget",_xlfn.IFS(I82>=0.2,0.5,I82>=0.1,0.35,I82>=0.05,0.2,TRUE,0),IF(D82="Grenade",_xlfn.IFS(I82>=0.2,1,I82>=0.1,0.7,I82>=0.05,0.4,TRUE,0),0))} -> 0 | L82: =IF($K82=0,0,$K82 / SUMIFS($K:$K,$A:$A,$A82,$D:$D,"Gadget")) -> 0
A83: {=IFERROR(INDEX(_xlfn._xlws.FILTER(Class_Players!A:A,Class_Players!B:B="Assault"),QUOTIENT(ROW()-ROW($A$2),7)+1),"")} -> Plasem | B83: =_xlfn.XLOOKUP(A83,Class_Players!$A:$A,Class_Players!$B:$B,"") -> Assault | C83: {=INDEX(Lookups!$A$2:$A$8,MOD(ROW()-ROW($B$2),ROWS(Lookups!$A$2:$A$8))+1)} -> QLINK (Deploy Beacon) | D83: =_xlfn.XLOOKUP(C83,Analysis_Gadgets!$C:$C,Analysis_Gadgets!$B:$B) -> Gadget | E83: 10006 | F83: =_xlfn.XLOOKUP(A83,Class_Players!A:A,Class_Players!G:G) -> 381 | G83: =IF(F83=0,"",E83/F83) -> 26.262467 | H83: =_xlfn.XLOOKUP(A83,Class_Players!$A:$A,Class_Players!$F:$F,"") -> 14952 | I83: =IF(H83=0,"",E83/H83) -> 0.66920813 | J83: =IF(I83>=0.1,1,0) -> 1 | K83: {=IF(D83="Gadget",_xlfn.IFS(I83>=0.2,0.5,I83>=0.1,0.35,I83>=0.05,0.2,TRUE,0),IF(D83="Grenade",_xlfn.IFS(I83>=0.2,1,I83>=0.1,0.7,I83>=0.05,0.4,TRUE,0),0))} -> 0.5 | L83: =IF($K83=0,0,$K83 / SUMIFS($K:$K,$A:$A,$A83,$D:$D,"Gadget")) -> 0.58823529
A84: {=IFERROR(INDEX(_xlfn._xlws.FILTER(Class_Players!A:A,Class_Players!B:B="Assault"),QUOTIENT(ROW()-ROW($A$2),7)+1),"")} -> Plasem | B84: =_xlfn.XLOOKUP(A84,Class_Players!$A:$A,Class_Players!$B:$B,"") -> Assault | C84: {=INDEX(Lookups!$A$2:$A$8,MOD(ROW()-ROW($B$2),ROWS(Lookups!$A$2:$A$8))+1)} -> Stun Grenade | D84: =_xlfn.XLOOKUP(C84,Analysis_Gadgets!$C:$C,Analysis_Gadgets!$B:$B) -> Grenade | E84: 96 | F84: =_xlfn.XLOOKUP(A84,Class_Players!A:A,Class_Players!G:G) -> 381 | G84: =IF(F84=0,"",E84/F84) -> 0.2519685 | H84: =_xlfn.XLOOKUP(A84,Class_Players!$A:$A,Class_Players!$F:$F,"") -> 14952 | I84: =IF(H84=0,"",E84/H84) -> 0.0064205457 | J84: =IF(I84>=0.1,1,0) -> 0 | K84: {=IF(D84="Gadget",_xlfn.IFS(I84>=0.2,0.5,I84>=0.1,0.35,I84>=0.05,0.2,TRUE,0),IF(D84="Grenade",_xlfn.IFS(I84>=0.2,1,I84>=0.1,0.7,I84>=0.05,0.4,TRUE,0),0))} -> 0 | L84: =IF($K84=0,0,$K84 / SUMIFS($K:$K,$A:$A,$A84,$D:$D,"Grenade")) -> 0
A85: {=IFERROR(INDEX(_xlfn._xlws.FILTER(Class_Players!A:A,Class_Players!B:B="Assault"),QUOTIENT(ROW()-ROW($A$2),7)+1),"")} -> Plasem | B85: =_xlfn.XLOOKUP(A85,Class_Players!$A:$A,Class_Players!$B:$B,"") -> Assault | C85: {=INDEX(Lookups!$A$2:$A$8,MOD(ROW()-ROW($B$2),ROWS(Lookups!$A$2:$A$8))+1)} -> Flash Grenade | D85: =_xlfn.XLOOKUP(C85,Analysis_Gadgets!$C:$C,Analysis_Gadgets!$B:$B) -> Grenade | E85: 0 | F85: =_xlfn.XLOOKUP(A85,Class_Players!A:A,Class_Players!G:G) -> 381 | G85: =IF(F85=0,"",E85/F85) -> 0 | H85: =_xlfn.XLOOKUP(A85,Class_Players!$A:$A,Class_Players!$F:$F,"") -> 14952 | I85: =IF(H85=0,"",E85/H85) -> 0 | J85: =IF(I85>=0.1,1,0) -> 0 | K85: {=IF(D85="Gadget",_xlfn.IFS(I85>=0.2,0.5,I85>=0.1,0.35,I85>=0.05,0.2,TRUE,0),IF(D85="Grenade",_xlfn.IFS(I85>=0.2,1,I85>=0.1,0.7,I85>=0.05,0.4,TRUE,0),0))} -> 0 | L85: =IF($K85=0,0,$K85 / SUMIFS($K:$K,$A:$A,$A85,$D:$D,"Grenade")) -> 0
A86: {=IFERROR(INDEX(_xlfn._xlws.FILTER(Class_Players!A:A,Class_Players!B:B="Assault"),QUOTIENT(ROW()-ROW($A$2),7)+1),"")} -> devilferreira | B86: =_xlfn.XLOOKUP(A86,Class_Players!$A:$A,Class_Players!$B:$B,"") -> Assault | C86: {=INDEX(Lookups!$A$2:$A$8,MOD(ROW()-ROW($B$2),ROWS(Lookups!$A$2:$A$8))+1)} -> Assault Ladder | D86: =_xlfn.XLOOKUP(C86,Analysis_Gadgets!$C:$C,Analysis_Gadgets!$B:$B) -> Gadget | E86: 116 | F86: =_xlfn.XLOOKUP(A86,Class_Players!A:A,Class_Players!G:G) -> 273 | G86: =IF(F86=0,"",E86/F86) -> 0.42490842 | H86: =_xlfn.XLOOKUP(A86,Class_Players!$A:$A,Class_Players!$F:$F,"") -> 14627 | I86: =IF(H86=0,"",E86/H86) -> 0.0079305394 | J86: =IF(I86>=0.1,1,0) -> 0 | K86: {=IF(D86="Gadget",_xlfn.IFS(I86>=0.2,0.5,I86>=0.1,0.35,I86>=0.05,0.2,TRUE,0),IF(D86="Grenade",_xlfn.IFS(I86>=0.2,1,I86>=0.1,0.7,I86>=0.05,0.4,TRUE,0),0))} -> 0 | L86: =IF($K86=0,0,$K86 / SUMIFS($K:$K,$A:$A,$A86,$D:$D,"Gadget")) -> 0
A87: {=IFERROR(INDEX(_xlfn._xlws.FILTER(Class_Players!A:A,Class_Players!B:B="Assault"),QUOTIENT(ROW()-ROW($A$2),7)+1),"")} -> devilferreira | B87: =_xlfn.XLOOKUP(A87,Class_Players!$A:$A,Class_Players!$B:$B,"") -> Assault | C87: {=INDEX(Lookups!$A$2:$A$8,MOD(ROW()-ROW($B$2),ROWS(Lookups!$A$2:$A$8))+1)} -> X95 BRE (Breaching Projectile Launcher) | D87: =_xlfn.XLOOKUP(C87,Analysis_Gadgets!$C:$C,Analysis_Gadgets!$B:$B) -> Gadget | E87: 0 | F87: =_xlfn.XLOOKUP(A87,Class_Players!A:A,Class_Players!G:G) -> 273 | G87: =IF(F87=0,"",E87/F87) -> 0 | H87: =_xlfn.XLOOKUP(A87,Class_Players!$A:$A,Class_Players!$F:$F,"") -> 14627 | I87: =IF(H87=0,"",E87/H87) -> 0 | J87: =IF(I87>=0.1,1,0) -> 0 | K87: {=IF(D87="Gadget",_xlfn.IFS(I87>=0.2,0.5,I87>=0.1,0.35,I87>=0.05,0.2,TRUE,0),IF(D87="Grenade",_xlfn.IFS(I87>=0.2,1,I87>=0.1,0.7,I87>=0.05,0.4,TRUE,0),0))} -> 0 | L87: =IF($K87=0,0,$K87 / SUMIFS($K:$K,$A:$A,$A87,$D:$D,"Gadget")) -> 0
A88: {=IFERROR(INDEX(_xlfn._xlws.FILTER(Class_Players!A:A,Class_Players!B:B="Assault"),QUOTIENT(ROW()-ROW($A$2),7)+1),"")} -> devilferreira | B88: =_xlfn.XLOOKUP(A88,Class_Players!$A:$A,Class_Players!$B:$B,"") -> Assault | C88: {=INDEX(Lookups!$A$2:$A$8,MOD(ROW()-ROW($B$2),ROWS(Lookups!$A$2:$A$8))+1)} -> M320A1 HE (Grenade Launcher) | D88: =_xlfn.XLOOKUP(C88,Analysis_Gadgets!$C:$C,Analysis_Gadgets!$B:$B) -> Gadget | E88: 2137 | F88: =_xlfn.XLOOKUP(A88,Class_Players!A:A,Class_Players!G:G) -> 273 | G88: =IF(F88=0,"",E88/F88) -> 7.8278388 | H88: =_xlfn.XLOOKUP(A88,Class_Players!$A:$A,Class_Players!$F:$F,"") -> 14627 | I88: =IF(H88=0,"",E88/H88) -> 0.14609968 | J88: =IF(I88>=0.1,1,0) -> 1 | K88: {=IF(D88="Gadget",_xlfn.IFS(I88>=0.2,0.5,I88>=0.1,0.35,I88>=0.05,0.2,TRUE,0),IF(D88="Grenade",_xlfn.IFS(I88>=0.2,1,I88>=0.1,0.7,I88>=0.05,0.4,TRUE,0),0))} -> 0.35 | L88: =IF($K88=0,0,$K88 / SUMIFS($K:$K,$A:$A,$A88,$D:$D,"Gadget")) -> 0.41176471
A89: {=IFERROR(INDEX(_xlfn._xlws.FILTER(Class_Players!A:A,Class_Players!B:B="Assault"),QUOTIENT(ROW()-ROW($A$2),7)+1),"")} -> devilferreira | B89: =_xlfn.XLOOKUP(A89,Class_Players!$A:$A,Class_Players!$B:$B,"") -> Assault | C89: {=INDEX(Lookups!$A$2:$A$8,MOD(ROW()-ROW($B$2),ROWS(Lookups!$A$2:$A$8))+1)} -> M320A1 THRM (Incendiary Grenade Launcher) | D89: =_xlfn.XLOOKUP(C89,Analysis_Gadgets!$C:$C,Analysis_Gadgets!$B:$B) -> Gadget | E89: 1 | F89: =_xlfn.XLOOKUP(A89,Class_Players!A:A,Class_Players!G:G) -> 273 | G89: =IF(F89=0,"",E89/F89) -> 0.0036630037 | H89: =_xlfn.XLOOKUP(A89,Class_Players!$A:$A,Class_Players!$F:$F,"") -> 14627 | I89: =IF(H89=0,"",E89/H89) -> 6.8366719e-05 | J89: =IF(I89>=0.1,1,0) -> 0 | K89: {=IF(D89="Gadget",_xlfn.IFS(I89>=0.2,0.5,I89>=0.1,0.35,I89>=0.05,0.2,TRUE,0),IF(D89="Grenade",_xlfn.IFS(I89>=0.2,1,I89>=0.1,0.7,I89>=0.05,0.4,TRUE,0),0))} -> 0 | L89: =IF($K89=0,0,$K89 / SUMIFS($K:$K,$A:$A,$A89,$D:$D,"Gadget")) -> 0
A90: {=IFERROR(INDEX(_xlfn._xlws.FILTER(Class_Players!A:A,Class_Players!B:B="Assault"),QUOTIENT(ROW()-ROW($A$2),7)+1),"")} -> devilferreira | B90: =_xlfn.XLOOKUP(A90,Class_Players!$A:$A,Class_Players!$B:$B,"") -> Assault | C90: {=INDEX(Lookups!$A$2:$A$8,MOD(ROW()-ROW($B$2),ROWS(Lookups!$A$2:$A$8))+1)} -> QLINK (Deploy Beacon) | D90: =_xlfn.XLOOKUP(C90,Analysis_Gadgets!$C:$C,Analysis_Gadgets!$B:$B) -> Gadget | E90: 9227 | F90: =_xlfn.XLOOKUP(A90,Class_Players!A:A,Class_Players!G:G) -> 273 | G90: =IF(F90=0,"",E90/F90) -> 33.798535 | H90: =_xlfn.XLOOKUP(A90,Class_Players!$A:$A,Class_Players!$F:$F,"") -> 14627 | I90: =IF(H90=0,"",E90/H90) -> 0.63081972 | J90: =IF(I90>=0.1,1,0) -> 1 | K90: {=IF(D90="Gadget",_xlfn.IFS(I90>=0.2,0.5,I90>=0.1,0.35,I90>=0.05,0.2,TRUE,0),IF(D90="Grenade",_xlfn.IFS(I90>=0.2,1,I90>=0.1,0.7,I90>=0.05,0.4,TRUE,0),0))} -> 0.5 | L90: =IF($K90=0,0,$K90 / SUMIFS($K:$K,$A:$A,$A90,$D:$D,"Gadget")) -> 0.58823529
A91: {=IFERROR(INDEX(_xlfn._xlws.FILTER(Class_Players!A:A,Class_Players!B:B="Assault"),QUOTIENT(ROW()-ROW($A$2),7)+1),"")} -> devilferreira | B91: =_xlfn.XLOOKUP(A91,Class_Players!$A:$A,Class_Players!$B:$B,"") -> Assault | C91: {=INDEX(Lookups!$A$2:$A$8,MOD(ROW()-ROW($B$2),ROWS(Lookups!$A$2:$A$8))+1)} -> Stun Grenade | D91: =_xlfn.XLOOKUP(C91,Analysis_Gadgets!$C:$C,Analysis_Gadgets!$B:$B) -> Grenade | E91: 191 | F91: =_xlfn.XLOOKUP(A91,Class_Players!A:A,Class_Players!G:G) -> 273 | G91: =IF(F91=0,"",E91/F91) -> 0.6996337 | H91: =_xlfn.XLOOKUP(A91,Class_Players!$A:$A,Class_Players!$F:$F,"") -> 14627 | I91: =IF(H91=0,"",E91/H91) -> 0.013058043 | J91: =IF(I91>=0.1,1,0) -> 0 | K91: {=IF(D91="Gadget",_xlfn.IFS(I91>=0.2,0.5,I91>=0.1,0.35,I91>=0.05,0.2,TRUE,0),IF(D91="Grenade",_xlfn.IFS(I91>=0.2,1,I91>=0.1,0.7,I91>=0.05,0.4,TRUE,0),0))} -> 0 | L91: =IF($K91=0,0,$K91 / SUMIFS($K:$K,$A:$A,$A91,$D:$D,"Grenade")) -> 0
A92: {=IFERROR(INDEX(_xlfn._xlws.FILTER(Class_Players!A:A,Class_Players!B:B="Assault"),QUOTIENT(ROW()-ROW($A$2),7)+1),"")} -> devilferreira | B92: =_xlfn.XLOOKUP(A92,Class_Players!$A:$A,Class_Players!$B:$B,"") -> Assault | C92: {=INDEX(Lookups!$A$2:$A$8,MOD(ROW()-ROW($B$2),ROWS(Lookups!$A$2:$A$8))+1)} -> Flash Grenade | D92: =_xlfn.XLOOKUP(C92,Analysis_Gadgets!$C:$C,Analysis_Gadgets!$B:$B) -> Grenade | E92: 59 | F92: =_xlfn.XLOOKUP(A92,Class_Players!A:A,Class_Players!G:G) -> 273 | G92: =IF(F92=0,"",E92/F92) -> 0.21611722 | H92: =_xlfn.XLOOKUP(A92,Class_Players!$A:$A,Class_Players!$F:$F,"") -> 14627 | I92: =IF(H92=0,"",E92/H92) -> 0.0040336364 | J92: =IF(I92>=0.1,1,0) -> 0 | K92: {=IF(D92="Gadget",_xlfn.IFS(I92>=0.2,0.5,I92>=0.1,0.35,I92>=0.05,0.2,TRUE,0),IF(D92="Grenade",_xlfn.IFS(I92>=0.2,1,I92>=0.1,0.7,I92>=0.05,0.4,TRUE,0),0))} -> 0 | L92: =IF($K92=0,0,$K92 / SUMIFS($K:$K,$A:$A,$A92,$D:$D,"Grenade")) -> 0
A93: {=IFERROR(INDEX(_xlfn._xlws.FILTER(Class_Players!A:A,Class_Players!B:B="Assault"),QUOTIENT(ROW()-ROW($A$2),7)+1),"")} -> michieI | B93: =_xlfn.XLOOKUP(A93,Class_Players!$A:$A,Class_Players!$B:$B,"") -> Assault | C93: {=INDEX(Lookups!$A$2:$A$8,MOD(ROW()-ROW($B$2),ROWS(Lookups!$A$2:$A$8))+1)} -> Assault Ladder | D93: =_xlfn.XLOOKUP(C93,Analysis_Gadgets!$C:$C,Analysis_Gadgets!$B:$B) -> Gadget | E93: 1 | F93: =_xlfn.XLOOKUP(A93,Class_Players!A:A,Class_Players!G:G) -> 188 | G93: =IF(F93=0,"",E93/F93) -> 0.0053191489 | H93: =_xlfn.XLOOKUP(A93,Class_Players!$A:$A,Class_Players!$F:$F,"") -> 14425 | I93: =IF(H93=0,"",E93/H93) -> 6.932409e-05 | J93: =IF(I93>=0.1,1,0) -> 0 | K93: {=IF(D93="Gadget",_xlfn.IFS(I93>=0.2,0.5,I93>=0.1,0.35,I93>=0.05,0.2,TRUE,0),IF(D93="Grenade",_xlfn.IFS(I93>=0.2,1,I93>=0.1,0.7,I93>=0.05,0.4,TRUE,0),0))} -> 0 | L93: =IF($K93=0,0,$K93 / SUMIFS($K:$K,$A:$A,$A93,$D:$D,"Gadget")) -> 0
A94: {=IFERROR(INDEX(_xlfn._xlws.FILTER(Class_Players!A:A,Class_Players!B:B="Assault"),QUOTIENT(ROW()-ROW($A$2),7)+1),"")} -> michieI | B94: =_xlfn.XLOOKUP(A94,Class_Players!$A:$A,Class_Players!$B:$B,"") -> Assault | C94: {=INDEX(Lookups!$A$2:$A$8,MOD(ROW()-ROW($B$2),ROWS(Lookups!$A$2:$A$8))+1)} -> X95 BRE (Breaching Projectile Launcher) | D94: =_xlfn.XLOOKUP(C94,Analysis_Gadgets!$C:$C,Analysis_Gadgets!$B:$B) -> Gadget | E94: 3 | F94: =_xlfn.XLOOKUP(A94,Class_Players!A:A,Class_Players!G:G) -> 188 | G94: =IF(F94=0,"",E94/F94) -> 0.015957447 | H94: =_xlfn.XLOOKUP(A94,Class_Players!$A:$A,Class_Players!$F:$F,"") -> 14425 | I94: =IF(H94=0,"",E94/H94) -> 0.00020797227 | J94: =IF(I94>=0.1,1,0) -> 0 | K94: {=IF(D94="Gadget",_xlfn.IFS(I94>=0.2,0.5,I94>=0.1,0.35,I94>=0.05,0.2,TRUE,0),IF(D94="Grenade",_xlfn.IFS(I94>=0.2,1,I94>=0.1,0.7,I94>=0.05,0.4,TRUE,0),0))} -> 0 | L94: =IF($K94=0,0,$K94 / SUMIFS($K:$K,$A:$A,$A94,$D:$D,"Gadget")) -> 0
A95: {=IFERROR(INDEX(_xlfn._xlws.FILTER(Class_Players!A:A,Class_Players!B:B="Assault"),QUOTIENT(ROW()-ROW($A$2),7)+1),"")} -> michieI | B95: =_xlfn.XLOOKUP(A95,Class_Players!$A:$A,Class_Players!$B:$B,"") -> Assault | C95: {=INDEX(Lookups!$A$2:$A$8,MOD(ROW()-ROW($B$2),ROWS(Lookups!$A$2:$A$8))+1)} -> M320A1 HE (Grenade Launcher) | D95: =_xlfn.XLOOKUP(C95,Analysis_Gadgets!$C:$C,Analysis_Gadgets!$B:$B) -> Gadget | E95: 16560 | F95: =_xlfn.XLOOKUP(A95,Class_Players!A:A,Class_Players!G:G) -> 188 | G95: =IF(F95=0,"",E95/F95) -> 88.085106 | H95: =_xlfn.XLOOKUP(A95,Class_Players!$A:$A,Class_Players!$F:$F,"") -> 14425 | I95: =IF(H95=0,"",E95/H95) -> 1.1480069 | J95: =IF(I95>=0.1,1,0) -> 1 | K95: {=IF(D95="Gadget",_xlfn.IFS(I95>=0.2,0.5,I95>=0.1,0.35,I95>=0.05,0.2,TRUE,0),IF(D95="Grenade",_xlfn.IFS(I95>=0.2,1,I95>=0.1,0.7,I95>=0.05,0.4,TRUE,0),0))} -> 0.5 | L95: =IF($K95=0,0,$K95 / SUMIFS($K:$K,$A:$A,$A95,$D:$D,"Gadget")) -> 1
A96: {=IFERROR(INDEX(_xlfn._xlws.FILTER(Class_Players!A:A,Class_Players!B:B="Assault"),QUOTIENT(ROW()-ROW($A$2),7)+1),"")} -> michieI | B96: =_xlfn.XLOOKUP(A96,Class_Players!$A:$A,Class_Players!$B:$B,"") -> Assault | C96: {=INDEX(Lookups!$A$2:$A$8,MOD(ROW()-ROW($B$2),ROWS(Lookups!$A$2:$A$8))+1)} -> M320A1 THRM (Incendiary Grenade Launcher) | D96: =_xlfn.XLOOKUP(C96,Analysis_Gadgets!$C:$C,Analysis_Gadgets!$B:$B) -> Gadget | E96: 1 | F96: =_xlfn.XLOOKUP(A96,Class_Players!A:A,Class_Players!G:G) -> 188 | G96: =IF(F96=0,"",E96/F96) -> 0.0053191489 | H96: =_xlfn.XLOOKUP(A96,Class_Players!$A:$A,Class_Players!$F:$F,"") -> 14425 | I96: =IF(H96=0,"",E96/H96) -> 6.932409e-05 | J96: =IF(I96>=0.1,1,0) -> 0 | K96: {=IF(D96="Gadget",_xlfn.IFS(I96>=0.2,0.5,I96>=0.1,0.35,I96>=0.05,0.2,TRUE,0),IF(D96="Grenade",_xlfn.IFS(I96>=0.2,1,I96>=0.1,0.7,I96>=0.05,0.4,TRUE,0),0))} -> 0 | L96: =IF($K96=0,0,$K96 / SUMIFS($K:$K,$A:$A,$A96,$D:$D,"Gadget")) -> 0
A97: {=IFERROR(INDEX(_xlfn._xlws.FILTER(Class_Players!A:A,Class_Players!B:B="Assault"),QUOTIENT(ROW()-ROW($A$2),7)+1),"")} -> michieI | B97: =_xlfn.XLOOKUP(A97,Class_Players!$A:$A,Class_Players!$B:$B,"") -> Assault | C97: {=INDEX(Lookups!$A$2:$A$8,MOD(ROW()-ROW($B$2),ROWS(Lookups!$A$2:$A$8))+1)} -> QLINK (Deploy Beacon) | D97: =_xlfn.XLOOKUP(C97,Analysis_Gadgets!$C:$C,Analysis_Gadgets!$B:$B) -> Gadget | E97: 0 | F97: =_xlfn.XLOOKUP(A97,Class_Players!A:A,Class_Players!G:G) -> 188 | G97: =IF(F97=0,"",E97/F97) -> 0 | H97: =_xlfn.XLOOKUP(A97,Class_Players!$A:$A,Class_Players!$F:$F,"") -> 14425 | I97: =IF(H97=0,"",E97/H97) -> 0 | J97: =IF(I97>=0.1,1,0) -> 0 | K97: {=IF(D97="Gadget",_xlfn.IFS(I97>=0.2,0.5,I97>=0.1,0.35,I97>=0.05,0.2,TRUE,0),IF(D97="Grenade",_xlfn.IFS(I97>=0.2,1,I97>=0.1,0.7,I97>=0.05,0.4,TRUE,0),0))} -> 0 | L97: =IF($K97=0,0,$K97 / SUMIFS($K:$K,$A:$A,$A97,$D:$D,"Gadget")) -> 0
A98: {=IFERROR(INDEX(_xlfn._xlws.FILTER(Class_Players!A:A,Class_Players!B:B="Assault"),QUOTIENT(ROW()-ROW($A$2),7)+1),"")} -> michieI | B98: =_xlfn.XLOOKUP(A98,Class_Players!$A:$A,Class_Players!$B:$B,"") -> Assault | C98: {=INDEX(Lookups!$A$2:$A$8,MOD(ROW()-ROW($B$2),ROWS(Lookups!$A$2:$A$8))+1)} -> Stun Grenade | D98: =_xlfn.XLOOKUP(C98,Analysis_Gadgets!$C:$C,Analysis_Gadgets!$B:$B) -> Grenade | E98: 87 | F98: =_xlfn.XLOOKUP(A98,Class_Players!A:A,Class_Players!G:G) -> 188 | G98: =IF(F98=0,"",E98/F98) -> 0.46276596 | H98: =_xlfn.XLOOKUP(A98,Class_Players!$A:$A,Class_Players!$F:$F,"") -> 14425 | I98: =IF(H98=0,"",E98/H98) -> 0.0060311958 | J98: =IF(I98>=0.1,1,0) -> 0 | K98: {=IF(D98="Gadget",_xlfn.IFS(I98>=0.2,0.5,I98>=0.1,0.35,I98>=0.05,0.2,TRUE,0),IF(D98="Grenade",_xlfn.IFS(I98>=0.2,1,I98>=0.1,0.7,I98>=0.05,0.4,TRUE,0),0))} -> 0 | L98: =IF($K98=0,0,$K98 / SUMIFS($K:$K,$A:$A,$A98,$D:$D,"Grenade")) -> 0
A99: {=IFERROR(INDEX(_xlfn._xlws.FILTER(Class_Players!A:A,Class_Players!B:B="Assault"),QUOTIENT(ROW()-ROW($A$2),7)+1),"")} -> michieI | B99: =_xlfn.XLOOKUP(A99,Class_Players!$A:$A,Class_Players!$B:$B,"") -> Assault | C99: {=INDEX(Lookups!$A$2:$A$8,MOD(ROW()-ROW($B$2),ROWS(Lookups!$A$2:$A$8))+1)} -> Flash Grenade | D99: =_xlfn.XLOOKUP(C99,Analysis_Gadgets!$C:$C,Analysis_Gadgets!$B:$B) -> Grenade | E99: 0 | F99: =_xlfn.XLOOKUP(A99,Class_Players!A:A,Class_Players!G:G) -> 188 | G99: =IF(F99=0,"",E99/F99) -> 0 | H99: =_xlfn.XLOOKUP(A99,Class_Players!$A:$A,Class_Players!$F:$F,"") -> 14425 | I99: =IF(H99=0,"",E99/H99) -> 0 | J99: =IF(I99>=0.1,1,0) -> 0 | K99: {=IF(D99="Gadget",_xlfn.IFS(I99>=0.2,0.5,I99>=0.1,0.35,I99>=0.05,0.2,TRUE,0),IF(D99="Grenade",_xlfn.IFS(I99>=0.2,1,I99>=0.1,0.7,I99>=0.05,0.4,TRUE,0),0))} -> 0 | L99: =IF($K99=0,0,$K99 / SUMIFS($K:$K,$A:$A,$A99,$D:$D,"Grenade")) -> 0
A100: {=IFERROR(INDEX(_xlfn._xlws.FILTER(Class_Players!A:A,Class_Players!B:B="Assault"),QUOTIENT(ROW()-ROW($A$2),7)+1),"")} -> 呆呆梦末兽520 | B100: =_xlfn.XLOOKUP(A100,Class_Players!$A:$A,Class_Players!$B:$B,"") -> Assault | C100: {=INDEX(Lookups!$A$2:$A$8,MOD(ROW()-ROW($B$2),ROWS(Lookups!$A$2:$A$8))+1)} -> Assault Ladder | D100: =_xlfn.XLOOKUP(C100,Analysis_Gadgets!$C:$C,Analysis_Gadgets!$B:$B) -> Gadget | E100: 1230 | F100: =_xlfn.XLOOKUP(A100,Class_Players!A:A,Class_Players!G:G) -> 162 | G100: =IF(F100=0,"",E100/F100) -> 7.5925926 | H100: =_xlfn.XLOOKUP(A100,Class_Players!$A:$A,Class_Players!$F:$F,"") -> 14120 | I100: =IF(H100=0,"",E100/H100) -> 0.087110482 | J100: =IF(I100>=0.1,1,0) -> 0 | K100: {=IF(D100="Gadget",_xlfn.IFS(I100>=0.2,0.5,I100>=0.1,0.35,I100>=0.05,0.2,TRUE,0),IF(D100="Grenade",_xlfn.IFS(I100>=0.2,1,I100>=0.1,0.7,I100>=0.05,0.4,TRUE,0),0))} -> 0.2 | L100: =IF($K100=0,0,$K100 / SUMIFS($K:$K,$A:$A,$A100,$D:$D,"Gadget")) -> 0.16666667
...

Sheet Gadget_List
A1: ASSAULT | B1: ENGINEER | C1: RECON | D1: SUPPORT
A2: Gadgets
A3: Assault Ladder | B3: MBT-LAW (Auto-Guided Launcher) | C3: Defibrillator | D3: Laser Designator
A4: X95 BRE (Breaching Projectile Launcher) | B4: SLM-93A (Air-Defense Launcher) | C4: GPDIS (Grenade intercept system) | D4: Recon Drone
A5: M320A1 HE (HE Grenade Launcher) | B5: RPG-7V2 (Unguided Rocket Launcher) | C5: MP-APS (Missile intercept system) | D5: Tracer Dart
A6: M320A1 THRM (Incendiary Grenade Launcher) | B6: MAS 148 (Long-Range Launcher) | C6: LWCMS (Mortar) | D6: Claymore
A7: Deploy Beacon | B7: M136 AT (Aim-Guided Launcher) | C7: M320A1 SMK (Smoke Grenade Launcher) | D7: Sniper Decoy
A8: SS26 (Incendiary-Round Shotgun) | B8: Supply Crate | C8: SICH G1 WP (Incendiary Airburst Launcher) | D8: C-4 Explosives
A9: Weapon Sling - (Carbine, DMR or Shotgun) | B9: M15 (Anti-Vehicle Mine) | C9: Deployable Cover
B10: PTKM-1R (Acoustic Sensor AV Mine) | C10: Supply Pouch
B11: EOD Bot
B12: M4A1 SLAM (Tripwire Sensor AV Mine)
A14: ASSAULT | B14: ENGINEER | C14: RECON | D14: SUPPORT
A15: Grenades
A16: Fragmentation Grenade | B16: Fragmentation Grenade | C16: Fragmentation Grenade | D16: Fragmentation Grenade
A17: Stun Grenade | B17: Mini Frag Grenade | C17: Smoke Grenade | D17: Throwable Proximity Grenade
A18: Flash Grenade | B18: Anti-Vehicle Grenade | C18: Incendiary Grenade | D18: Throwing Knife

Sheet Gadget_Usage_Engineer
A1: Player_ID | B1: Class | C1: Gadget_Name | D1: Equipment_Type | E1: Usage_Count | F1: Class_Time_Hour | G1: Uses_Per_Hour | H1: Class_Deployments | I1: Uses_Per_Deployment | J1: Select_Flag | K1: Selection_Weight | L1: Gadget_Share
A2: {=IFERROR(INDEX(_xlfn._xlws.FILTER(Class_Players!A:A,Class_Players!B:B="Engineer"),QUOTIENT(ROW()-ROW($A$2),12)+1),"")} -> gym-imperator-ju | B2: =_xlfn.XLOOKUP(A2,Class_Players!$A:$A,Class_Players!$B:$B,"") -> Engineer | C2: {=INDEX(Lookups!$B$2:$B$13,MOD(ROW()-ROW($B$2),ROWS(Lookups!$B$2:$B$13))+1)} -> MBT-LAW (Auto-Guided Launcher) | D2: =_xlfn.XLOOKUP(C2,Analysis_Gadgets!$C:$C,Analysis_Gadgets!$B:$B) -> Gadget | E2: 0 | F2: =_xlfn.XLOOKUP(A2,Class_Players!A:A,Class_Players!G:G) -> 299 | G2: =IF(F2=0,"",E2/(F2)) -> 0 | H2: =_xlfn.XLOOKUP(A2,Class_Players!$A:$A,Class_Players!$F:$F,"") -> 21734 | I2: =IF(H2=0,"",E2/H2) -> 0 | J2: =IF(I2>=0.1,1,0) -> 0 | K2: {=IF(D2="Gadget",_xlfn.IFS(I2>=0.2,0.5,I2>=0.1,0.35,I2>=0.05,0.2,TRUE,0),IF(D2="Grenade",_xlfn.IFS(I2>=0.2,1,I2>=0.1,0.7,I2>=0.05,0.4,TRUE,0),0))} -> 0 | L2: =IF($K2=0,0,$K2 / SUMIFS($K:$K,$A:$A,$A2,$D:$D,"Gadget")) -> 0
A3: {=IFERROR(INDEX(_xlfn._xlws.FILTER(Class_Players!A:A,Class_Players!B:B="Engineer"),QUOTIENT(ROW()-ROW($A$2),12)+1),"")} -> gym-imperator-ju | B3: =_xlfn.XLOOKUP(A3,Class_Players!$A:$A,Class_Players!$B:$B,"") -> Engineer | C3: {=INDEX(Lookups!$B$2:$B$13,MOD(ROW()-ROW($B$2),ROWS(Lookups!$B$2:$B$13))+1)} -> SLM-93A (Air-Defense Launcher) | D3: =_xlfn.XLOOKUP(C3,Analysis_Gadgets!$C:$C,Analysis_Gadgets!$B:$B) -> Gadget | E3: 355 | F3: =_xlfn.XLOOKUP(A3,Class_Players!A:A,Class_Players!G:G) -> 299 | G3: =IF(F3=0,"",E3/(F3)) -> 1.187291 | H3: =_xlfn.XLOOKUP(A3,Class_Players!$A:$A,Class_Players!$F:$F,"") -> 21734 | I3: =IF(H3=0,"",E3/H3) -> 0.016333855 | J3: =IF(I3>=0.1,1,0) -> 0 | K3: {=IF(D3="Gadget",_xlfn.IFS(I3>=0.2,0.5,I3>=0.1,0.35,I3>=0.05,0.2,TRUE,0),IF(D3="Grenade",_xlfn.IFS(I3>=0.2,1,I3>=0.1,0.7,I3>=0.05,0.4,TRUE,0),0))} -> 0 | L3: =IF($K3=0,0,$K3 / SUMIFS($K:$K,$A:$A,$A3,$D:$D,"Gadget")) -> 0
A4: {=IFERROR(INDEX(_xlfn._xlws.FILTER(Class_Players!A:A,Class_Players!B:B="Engineer"),QUOTIENT(ROW()-ROW($A$2),12)+1),"")} -> gym-imperator-ju | B4: =_xlfn.XLOOKUP(A4,Class_Players!$A:$A,Class_Players!$B:$B,"") -> Engineer | C4: {=INDEX(Lookups!$B$2:$B$13,MOD(ROW()-ROW($B$2),ROWS(Lookups!$B$2:$B$13))+1)} -> RPG-7V2 (Unguided Rocket Launcher) | D4: =_xlfn.XLOOKUP(C4,Analysis_Gadgets!$C:$C,Analysis_Gadgets!$B:$B) -> Gadget | E4: 4933 | F4: =_xlfn.XLOOKUP(A4,Class_Players!A:A,Class_Players!G:G) -> 299 | G4: =IF(F4=0,"",E4/(F4)) -> 16.498328 | H4: =_xlfn.XLOOKUP(A4,Class_Players!$A:$A,Class_Players!$F:$F,"") -> 21734 | I4: =IF(H4=0,"",E4/H4) -> 0.22697157 | J4: =IF(I4>=0.1,1,0) -> 1 | K4: {=IF(D4="Gadget",_xlfn.IFS(I4>=0.2,0.5,I4>=0.1,0.35,I4>=0.05,0.2,TRUE,0),IF(D4="Grenade",_xlfn.IFS(I4>=0.2,1,I4>=0.1,0.7,I4>=0.05,0.4,TRUE,0),0))} -> 0.5 | L4: =IF($K4=0,0,$K4 / SUMIFS($K:$K,$A:$A,$A4,$D:$D,"Gadget")) -> 0.5
A5: {=IFERROR(INDEX(_xlfn._xlws.FILTER(Class_Players!A:A,Class_Players!B:B="Engineer"),QUOTIENT(ROW()-ROW($A$2),12)+1),"")} -> gym-imperator-ju | B5: =_xlfn.XLOOKUP(A5,Class_Players!$A:$A,Class_Players!$B:$B,"") -> Engineer | C5: {=INDEX(Lookups!$B$2:$B$13,MOD(ROW()-ROW($B$2),ROWS(Lookups!$B$2:$B$13))+1)} -> MAS 148 (Long-Range Launcher) | D5: =_xlfn.XLOOKUP(C5,Analysis_Gadgets!$C:$C,Analysis_Gadgets!$B:$B) -> Gadget | E5: 3 | F5: =_xlfn.XLOOKUP(A5,Class_Players!A:A,Class_Players!G:G) -> 299 | G5: =IF(F5=0,"",E5/(F5)) -> 0.010033445 | H5: =_xlfn.XLOOKUP(A5,Class_Players!$A:$A,Class_Players!$F:$F,"") -> 21734 | I5: =IF(H5=0,"",E5/H5) -> 0.00013803258 | J5: =IF(I5>=0.1,1,0) -> 0 | K5: {=IF(D5="Gadget",_xlfn.IFS(I5>=0.2,0.5,I5>=0.1,0.35,I5>=0.05,0.2,TRUE,0),IF(D5="Grenade",_xlfn.IFS(I5>=0.2,1,I5>=0.1,0.7,I5>=0.05,0.4,TRUE,0),0))} -> 0 | L5: =IF($K5=0,0,$K5 / SUMIFS($K:$K,$A:$A,$A5,$D:$D,"Gadget")) -> 0
A6: {=IFERROR(INDEX(_xlfn._xlws.FILTER(Class_Players!A:A,Class_Players!B:B="Engineer"),QUOTIENT(ROW()-ROW($A$2),12)+1),"")} -> gym-imperator-ju | B6: =_xlfn.XLOOKUP(A6,Class_Players!$A:$A,Class_Players!$B:$B,"") -> Engineer | C6: {=INDEX(Lookups!$B$2:$B$13,MOD(ROW()-ROW($B$2),ROWS(Lookups!$B$2:$B$13))+1)} -> M136 AT (Aim-Guided Launcher) | D6: =_xlfn.XLOOKUP(C6,Analysis_Gadgets!$C:$C,Analysis_Gadgets!$B:$B) -> Gadget | E6: 1 | F6: =_xlfn.XLOOKUP(A6,Class_Players!A:A,Class_Players!G:G) -> 299 | G6: =IF(F6=0,"",E6/(F6)) -> 0.0033444816 | H6: =_xlfn.XLOOKUP(A6,Class_Players!$A:$A,Class_Players!$F:$F,"") -> 21734 | I6: =IF(H6=0,"",E6/H6) -> 4.6010859e-05 | J6: =IF(I6>=0.1,1,0) -> 0 | K6: {=IF(D6="Gadget",_xlfn.IFS(I6>=0.2,0.5,I6>=0.1,0.35,I6>=0.05,0.2,TRUE,0),IF(D6="Grenade",_xlfn.IFS(I6>=0.2,1,I6>=0.1,0.7,I6>=0.05,0.4,TRUE,0),0))} -> 0 | L6: =IF($K6=0,0,$K6 / SUMIFS($K:$K,$A:$A,$A6,$D:$D,"Gadget")) -> 0
A7: {=IFERROR(INDEX(_xlfn._xlws.FILTER(Class_Players!A:A,Class_Players!B:B="Engineer"),QUOTIENT(ROW()-ROW($A$2),12)+1),"")} -> gym-imperator-ju | B7: =_xlfn.XLOOKUP(A7,Class_Players!$A:$A,Class_Players!$B:$B,"") -> Engineer | C7: {=INDEX(Lookups!$B$2:$B$13,MOD(ROW()-ROW($B$2),ROWS(Lookups!$B$2:$B$13))+1)} -> Supply Crate | D7: =_xlfn.XLOOKUP(C7,Analysis_Gadgets!$C:$C,Analysis_Gadgets!$B:$B) -> Gadget | E7: 5 | F7: =_xlfn.XLOOKUP(A7,Class_Players!A:A,Class_Players!G:G) -> 299 | G7: =IF(F7=0,"",E7/(F7)) -> 0.016722408 | H7: =_xlfn.XLOOKUP(A7,Class_Players!$A:$A,Class_Players!$F:$F,"") -> 21734 | I7: =IF(H7=0,"",E7/H7) -> 0.00023005429 | J7: =IF(I7>=0.1,1,0) -> 0 | K7: {=IF(D7="Gadget",_xlfn.IFS(I7>=0.2,0.5,I7>=0.1,0.35,I7>=0.05,0.2,TRUE,0),IF(D7="Grenade",_xlfn.IFS(I7>=0.2,1,I7>=0.1,0.7,I7>=0.05,0.4,TRUE,0),0))} -> 0 | L7: =IF($K7=0,0,$K7 / SUMIFS($K:$K,$A:$A,$A7,$D:$D,"Gadget")) -> 0
A8: {=IFERROR(INDEX(_xlfn._xlws.FILTER(Class_Players!A:A,Class_Players!B:B="Engineer"),QUOTIENT(ROW()-ROW($A$2),12)+1),"")} -> gym-imperator-ju | B8: =_xlfn.XLOOKUP(A8,Class_Players!$A:$A,Class_Players!$B:$B,"") -> Engineer | C8: {=INDEX(Lookups!$B$2:$B$13,MOD(ROW()-ROW($B$2),ROWS(Lookups!$B$2:$B$13))+1)} -> M15 (Anti-Vehicle Mine) | D8: =_xlfn.XLOOKUP(C8,Analysis_Gadgets!$C:$C,Analysis_Gadgets!$B:$B) -> Gadget | E8: 8529 | F8: =_xlfn.XLOOKUP(A8,Class_Players!A:A,Class_Players!G:G) -> 299 | G8: =IF(F8=0,"",E8/(F8)) -> 28.525084 | H8: =_xlfn.XLOOKUP(A8,Class_Players!$A:$A,Class_Players!$F:$F,"") -> 21734 | I8: =IF(H8=0,"",E8/H8) -> 0.39242661 | J8: =IF(I8>=0.1,1,0) -> 1 | K8: {=IF(D8="Gadget",_xlfn.IFS(I8>=0.2,0.5,I8>=0.1,0.35,I8>=0.05,0.2,TRUE,0),IF(D8="Grenade",_xlfn.IFS(I8>=0.2,1,I8>=0.1,0.7,I8>=0.05,0.4,TRUE,0),0))} -> 0.5 | L8: =IF($K8=0,0,$K8 / SUMIFS($K:$K,$A:$A,$A8,$D:$D,"Gadget")) -> 0.5
A9: {=IFERROR(INDEX(_xlfn._xlws.FILTER(Class_Players!A:A,Class_Players!B:B="Engineer"),QUOTIENT(ROW()-ROW($A$2),12)+1),"")} -> gym-imperator-ju | B9: =_xlfn.XLOOKUP(A9,Class_Players!$A:$A,Class_Players!$B:$B,"") -> Engineer | C9: {=INDEX(Lookups!$B$2:$B$13,MOD(ROW()-ROW($B$2),ROWS(Lookups!$B$2:$B$13))+1)} -> PTKM-1R (Acoustic Sensor AV Mine) | D9: =_xlfn.XLOOKUP(C9,Analysis_Gadgets!$C:$C,Analysis_Gadgets!$B:$B) -> Gadget | E9: 0 | F9: =_xlfn.XLOOKUP(A9,Class_Players!A:A,Class_Players!G:G) -> 299 | G9: =IF(F9=0,"",E9/(F9)) -> 0 | H9: =_xlfn.XLOOKUP(A9,Class_Players!$A:$A,Class_Players!$F:$F,"") -> 21734 | I9: =IF(H9=0,"",E9/H9) -> 0 | J9: =IF(I9>=0.1,1,0) -> 0 | K9: {=IF(D9="Gadget",_xlfn.IFS(I9>=0.2,0.5,I9>=0.1,0.35,I9>=0.05,0.2,TRUE,0),IF(D9="Grenade",_xlfn.IFS(I9>=0.2,1,I9>=0.1,0.7,I9>=0.05,0.4,TRUE,0),0))} -> 0 | L9: =IF($K9=0,0,$K9 / SUMIFS($K:$K,$A:$A,$A9,$D:$D,"Gadget")) -> 0
A10: {=IFERROR(INDEX(_xlfn._xlws.FILTER(Class_Players!A:A,Class_Players!B:B="Engineer"),QUOTIENT(ROW()-ROW($A$2),12)+1),"")} -> gym-imperator-ju | B10: =_xlfn.XLOOKUP(A10,Class_Players!$A:$A,Class_Players!$B:$B,"") -> Engineer | C10: {=INDEX(Lookups!$B$2:$B$13,MOD(ROW()-ROW($B$2),ROWS(Lookups!$B$2:$B$13))+1)} -> EOD Bot | D10: =_xlfn.XLOOKUP(C10,Analysis_Gadgets!$C:$C,Analysis_Gadgets!$B:$B) -> Gadget | E10: 0 | F10: =_xlfn.XLOOKUP(A10,Class_Players!A:A,Class_Players!G:G) -> 299 | G10: =IF(F10=0,"",E10/(F10)) -> 0 | H10: =_xlfn.XLOOKUP(A10,Class_Players!$A:$A,Class_Players!$F:$F,"") -> 21734 | I10: =IF(H10=0,"",E10/H10) -> 0 | J10: =IF(I10>=0.1,1,0) -> 0 | K10: {=IF(D10="Gadget",_xlfn.IFS(I10>=0.2,0.5,I10>=0.1,0.35,I10>=0.05,0.2,TRUE,0),IF(D10="Grenade",_xlfn.IFS(I10>=0.2,1,I10>=0.1,0.7,I10>=0.05,0.4,TRUE,0),0))} -> 0 | L10: =IF($K10=0,0,$K10 / SUMIFS($K:$K,$A:$A,$A10,$D:$D,"Gadget")) -> 0
A11: {=IFERROR(INDEX(_xlfn._xlws.FILTER(Class_Players!A:A,Class_Players!B:B="Engineer"),QUOTIENT(ROW()-ROW($A$2),12)+1),"")} -> gym-imperator-ju | B11: =_xlfn.XLOOKUP(A11,Class_Players!$A:$A,Class_Players!$B:$B,"") -> Engineer | C11: {=INDEX(Lookups!$B$2:$B$13,MOD(ROW()-ROW($B$2),ROWS(Lookups!$B$2:$B$13))+1)} -> M4A1 SLAM (Tripwire Sensor AV Mine) | D11: =_xlfn.XLOOKUP(C11,Analysis_Gadgets!$C:$C,Analysis_Gadgets!$B:$B) -> Gadget | E11: 0 | F11: =_xlfn.XLOOKUP(A11,Class_Players!A:A,Class_Players!G:G) -> 299 | G11: =IF(F11=0,"",E11/(F11)) -> 0 | H11: =_xlfn.XLOOKUP(A11,Class_Players!$A:$A,Class_Players!$F:$F,"") -> 21734 | I11: =IF(H11=0,"",E11/H11) -> 0 | J11: =IF(I11>=0.1,1,0) -> 0 | K11: {=IF(D11="Gadget",_xlfn.IFS(I11>=0.2,0.5,I11>=0.1,0.35,I11>=0.05,0.2,TRUE,0),IF(D11="Grenade",_xlfn.IFS(I11>=0.2,1,I11>=0.1,0.7,I11>=0.05,0.4,TRUE,0),0))} -> 0 | L11: =IF($K11=0,0,$K11 / SUMIFS($K:$K,$A:$A,$A11,$D:$D,"Gadget")) -> 0
A12: {=IFERROR(INDEX(_xlfn._xlws.FILTER(Class_Players!A:A,Class_Players!B:B="Engineer"),QUOTIENT(ROW()-ROW($A$2),12)+1),"")} -> gym-imperator-ju | B12: =_xlfn.XLOOKUP(A12,Class_Players!$A:$A,Class_Players!$B:$B,"") -> Engineer | C12: {=INDEX(Lookups!$B$2:$B$13,MOD(ROW()-ROW($B$2),ROWS(Lookups!$B$2:$B$13))+1)} -> Mini Frag Grenade | D12: =_xlfn.XLOOKUP(C12,Analysis_Gadgets!$C:$C,Analysis_Gadgets!$B:$B) -> Grenade | E12: 2 | F12: =_xlfn.XLOOKUP(A12,Class_Players!A:A,Class_Players!G:G) -> 299 | G12: =IF(F12=0,"",E12/(F12)) -> 0.0066889632 | H12: =_xlfn.XLOOKUP(A12,Class_Players!$A:$A,Class_Players!$F:$F,"") -> 21734 | I12: =IF(H12=0,"",E12/H12) -> 9.2021717e-05 | J12: =IF(I12>=0.1,1,0) -> 0 | K12: {=IF(D12="Gadget",_xlfn.IFS(I12>=0.2,0.5,I12>=0.1,0.35,I12>=0.05,0.2,TRUE,0),IF(D12="Grenade",_xlfn.IFS(I12>=0.2,1,I12>=0.1,0.7,I12>=0.05,0.4,TRUE,0),0))} -> 0 | L12: =IF($K12=0,0,$K12 / SUMIFS($K:$K,$A:$A,$A12,$D:$D,"Grenade")) -> 0
A13: {=IFERROR(INDEX(_xlfn._xlws.FILTER(Class_Players!A:A,Class_Players!B:B="Engineer"),QUOTIENT(ROW()-ROW($A$2),12)+1),"")} -> gym-imperator-ju | B13: =_xlfn.XLOOKUP(A13,Class_Players!$A:$A,Class_Players!$B:$B,"") -> Engineer | C13: {=INDEX(Lookups!$B$2:$B$13,MOD(ROW()-ROW($B$2),ROWS(Lookups!$B$2:$B$13))+1)} -> Anti-Vehicle Grenade | D13: =_xlfn.XLOOKUP(C13,Analysis_Gadgets!$C:$C,Analysis_Gadgets!$B:$B) -> Grenade | E13: 0 | F13: =_xlfn.XLOOKUP(A13,Class_Players!A:A,Class_Players!G:G) -> 299 | G13: =IF(F13=0,"",E13/(F13)) -> 0 | H13: =_xlfn.XLOOKUP(A13,Class_Players!$A:$A,Class_Players!$F:$F,"") -> 21734 | I13: =IF(H13=0,"",E13/H13) -> 0 | J13: =IF(I13>=0.1,1,0) -> 0 | K13: {=IF(D13="Gadget",_xlfn.IFS(I13>=0.2,0.5,I13>=0.1,0.35,I13>=0.05,0.2,TRUE,0),IF(D13="Grenade",_xlfn.IFS(I13>=0.2,1,I13>=0.1,0.7,I13>=0.05,0.4,TRUE,0),0))} -> 0 | L13: =IF($K13=0,0,$K13 / SUMIFS($K:$K,$A:$A,$A13,$D:$D,"Grenade")) -> 0
A14: {=IFERROR(INDEX(_xlfn._xlws.FILTER(Class_Players!A:A,Class_Players!B:B="Engineer"),QUOTIENT(ROW()-ROW($A$2),12)+1),"")} -> Samyt4040 | B14: =_xlfn.XLOOKUP(A14,Class_Players!$A:$A,Class_Players!$B:$B,"") -> Engineer | C14: {=INDEX(Lookups!$B$2:$B$13,MOD(ROW()-ROW($B$2),ROWS(Lookups!$B$2:$B$13))+1)} -> MBT-LAW (Auto-Guided Launcher) | D14: =_xlfn.XLOOKUP(C14,Analysis_Gadgets!$C:$C,Analysis_Gadgets!$B:$B) -> Gadget | E14: 0 | F14: =_xlfn.XLOOKUP(A14,Class_Players!A:A,Class_Players!G:G) -> 145 | G14: =IF(F14=0,"",E14/(F14)) -> 0 | H14: =_xlfn.XLOOKUP(A14,Class_Players!$A:$A,Class_Players!$F:$F,"") -> 18459 | I14: =IF(H14=0,"",E14/H14) -> 0 | J14: =IF(I14>=0.1,1,0) -> 0 | K14: {=IF(D14="Gadget",_xlfn.IFS(I14>=0.2,0.5,I14>=0.1,0.35,I14>=0.05,0.2,TRUE,0),IF(D14="Grenade",_xlfn.IFS(I14>=0.2,1,I14>=0.1,0.7,I14>=0.05,0.4,TRUE,0),0))} -> 0 | L14: =IF($K14=0,0,$K14 / SUMIFS($K:$K,$A:$A,$A14,$D:$D,"Gadget")) -> 0
A15: {=IFERROR(INDEX(_xlfn._xlws.FILTER(Class_Players!A:A,Class_Players!B:B="Engineer"),QUOTIENT(ROW()-ROW($A$2),12)+1),"")} -> Samyt4040 | B15: =_xlfn.XLOOKUP(A15,Class_Players!$A:$A,Class_Players!$B:$B,"") -> Engineer | C15: {=INDEX(Lookups!$B$2:$B$13,MOD(ROW()-ROW($B$2),ROWS(Lookups!$B$2:$B$13))+1)} -> SLM-93A (Air-Defense Launcher) | D15: =_xlfn.XLOOKUP(C15,Analysis_Gadgets!$C:$C,Analysis_Gadgets!$B:$B) -> Gadget | E15: 9 | F15: =_xlfn.XLOOKUP(A15,Class_Players!A:A,Class_Players!G:G) -> 145 | G15: =IF(F15=0,"",E15/(F15)) -> 0.062068966 | H15: =_xlfn.XLOOKUP(A15,Class_Players!$A:$A,Class_Players!$F:$F,"") -> 18459 | I15: =IF(H15=0,"",E15/H15) -> 0.00048756704 | J15: =IF(I15>=0.1,1,0) -> 0 | K15: {=IF(D15="Gadget",_xlfn.IFS(I15>=0.2,0.5,I15>=0.1,0.35,I15>=0.05,0.2,TRUE,0),IF(D15="Grenade",_xlfn.IFS(I15>=0.2,1,I15>=0.1,0.7,I15>=0.05,0.4,TRUE,0),0))} -> 0 | L15: =IF($K15=0,0,$K15 / SUMIFS($K:$K,$A:$A,$A15,$D:$D,"Gadget")) -> 0
A16: {=IFERROR(INDEX(_xlfn._xlws.FILTER(Class_Players!A:A,Class_Players!B:B="Engineer"),QUOTIENT(ROW()-ROW($A$2),12)+1),"")} -> Samyt4040 | B16: =_xlfn.XLOOKUP(A16,Class_Players!$A:$A,Class_Players!$B:$B,"") -> Engineer | C16: {=INDEX(Lookups!$B$2:$B$13,MOD(ROW()-ROW($B$2),ROWS(Lookups!$B$2:$B$13))+1)} -> RPG-7V2 (Unguided Rocket Launcher) | D16: =_xlfn.XLOOKUP(C16,Analysis_Gadgets!$C:$C,Analysis_Gadgets!$B:$B) -> Gadget | E16: 564 | F16: =_xlfn.XLOOKUP(A16,Class_Players!A:A,Class_Players!G:G) -> 145 | G16: =IF(F16=0,"",E16/(F16)) -> 3.8896552 | H16: =_xlfn.XLOOKUP(A16,Class_Players!$A:$A,Class_Players!$F:$F,"") -> 18459 | I16: =IF(H16=0,"",E16/H16) -> 0.030554201 | J16: =IF(I16>=0.1,1,0) -> 0 | K16: {=IF(D16="Gadget",_xlfn.IFS(I16>=0.2,0.5,I16>=0.1,0.35,I16>=0.05,0.2,TRUE,0),IF(D16="Grenade",_xlfn.IFS(I16>=0.2,1,I16>=0.1,0.7,I16>=0.05,0.4,TRUE,0),0))} -> 0 | L16: =IF($K16=0,0,$K16 / SUMIFS($K:$K,$A:$A,$A16,$D:$D,"Gadget")) -> 0
A17: {=IFERROR(INDEX(_xlfn._xlws.FILTER(Class_Players!A:A,Class_Players!B:B="Engineer"),QUOTIENT(ROW()-ROW($A$2),12)+1),"")} -> Samyt4040 | B17: =_xlfn.XLOOKUP(A17,Class_Players!$A:$A,Class_Players!$B:$B,"") -> Engineer | C17: {=INDEX(Lookups!$B$2:$B$13,MOD(ROW()-ROW($B$2),ROWS(Lookups!$B$2:$B$13))+1)} -> MAS 148 (Long-Range Launcher) | D17: =_xlfn.XLOOKUP(C17,Analysis_Gadgets!$C:$C,Analysis_Gadgets!$B:$B) -> Gadget | E17: 19 | F17: =_xlfn.XLOOKUP(A17,Class_Players!A:A,Class_Players!G:G) -> 145 | G17: =IF(F17=0,"",E17/(F17)) -> 0.13103448 | H17: =_xlfn.XLOOKUP(A17,Class_Players!$A:$A,Class_Players!$F:$F,"") -> 18459 | I17: =IF(H17=0,"",E17/H17) -> 0.0010293082 | J17: =IF(I17>=0.1,1,0) -> 0 | K17: {=IF(D17="Gadget",_xlfn.IFS(I17>=0.2,0.5,I17>=0.1,0.35,I17>=0.05,0.2,TRUE,0),IF(D17="Grenade",_xlfn.IFS(I17>=0.2,1,I17>=0.1,0.7,I17>=0.05,0.4,TRUE,0),0))} -> 0 | L17: =IF($K17=0,0,$K17 / SUMIFS($K:$K,$A:$A,$A17,$D:$D,"Gadget")) -> 0
A18: {=IFERROR(INDEX(_xlfn._xlws.FILTER(Class_Players!A:A,Class_Players!B:B="Engineer"),QUOTIENT(ROW()-ROW($A$2),12)+1),"")} -> Samyt4040 | B18: =_xlfn.XLOOKUP(A18,Class_Players!$A:$A,Class_Players!$B:$B,"") -> Engineer | C18: {=INDEX(Lookups!$B$2:$B$13,MOD(ROW()-ROW($B$2),ROWS(Lookups!$B$2:$B$13))+1)} -> M136 AT (Aim-Guided Launcher) | D18: =_xlfn.XLOOKUP(C18,Analysis_Gadgets!$C:$C,Analysis_Gadgets!$B:$B) -> Gadget | E18: 3 | F18: =_xlfn.XLOOKUP(A18,Class_Players!A:A,Class_Players!G:G) -> 145 | G18: =IF(F18=0,"",E18/(F18)) -> 0.020689655 | H18: =_xlfn.XLOOKUP(A18,Class_Players!$A:$A,Class_Players!$F:$F,"") -> 18459 | I18: =IF(H18=0,"",E18/H18) -> 0.00016252235 | J18: =IF(I18>=0.1,1,0) -> 0 | K18: {=IF(D18="Gadget",_xlfn.IFS(I18>=0.2,0.5,I18>=0.1,0.35,I18>=0.05,0.2,TRUE,0),IF(D18="Grenade",_xlfn.IFS(I18>=0.2,1,I18>=0.1,0.7,I18>=0.05,0.4,TRUE,0),0))} -> 0 | L18: =IF($K18=0,0,$K18 / SUMIFS($K:$K,$A:$A,$A18,$D:$D,"Gadget")) -> 0
A19: {=IFERROR(INDEX(_xlfn._xlws.FILTER(Class_Players!A:A,Class_Players!B:B="Engineer"),QUOTIENT(ROW()-ROW($A$2),12)+1),"")} -> Samyt4040 | B19: =_xlfn.XLOOKUP(A19,Class_Players!$A:$A,Class_Players!$B:$B,"") -> Engineer | C19: {=INDEX(Lookups!$B$2:$B$13,MOD(ROW()-ROW($B$2),ROWS(Lookups!$B$2:$B$13))+1)} -> Supply Crate | D19: =_xlfn.XLOOKUP(C19,Analysis_Gadgets!$C:$C,Analysis_Gadgets!$B:$B) -> Gadget | E19: 12 | F19: =_xlfn.XLOOKUP(A19,Class_Players!A:A,Class_Players!G:G) -> 145 | G19: =IF(F19=0,"",E19/(F19)) -> 0.082758621 | H19: =_xlfn.XLOOKUP(A19,Class_Players!$A:$A,Class_Players!$F:$F,"") -> 18459 | I19: =IF(H19=0,"",E19/H19) -> 0.00065008939 | J19: =IF(I19>=0.1,1,0) -> 0 | K19: {=IF(D19="Gadget",_xlfn.IFS(I19>=0.2,0.5,I19>=0.1,0.35,I19>=0.05,0.2,TRUE,0),IF(D19="Grenade",_xlfn.IFS(I19>=0.2,1,I19>=0.1,0.7,I19>=0.05,0.4,TRUE,0),0))} -> 0 | L19: =IF($K19=0,0,$K19 / SUMIFS($K:$K,$A:$A,$A19,$D:$D,"Gadget")) -> 0
A20: {=IFERROR(INDEX(_xlfn._xlws.FILTER(Class_Players!A:A,Class_Players!B:B="Engineer"),QUOTIENT(ROW()-ROW($A$2),12)+1),"")} -> Samyt4040 | B20: =_xlfn.XLOOKUP(A20,Class_Players!$A:$A,Class_Players!$B:$B,"") -> Engineer | C20: {=INDEX(Lookups!$B$2:$B$13,MOD(ROW()-ROW($B$2),ROWS(Lookups!$B$2:$B$13))+1)} -> M15 (Anti-Vehicle Mine) | D20: =_xlfn.XLOOKUP(C20,Analysis_Gadgets!$C:$C,Analysis_Gadgets!$B:$B) -> Gadget | E20: 1034 | F20: =_xlfn.XLOOKUP(A20,Class_Players!A:A,Class_Players!G:G) -> 145 | G20: =IF(F20=0,"",E20/(F20)) -> 7.1310345 | H20: =_xlfn.XLOOKUP(A20,Class_Players!$A:$A,Class_Players!$F:$F,"") -> 18459 | I20: =IF(H20=0,"",E20/H20) -> 0.056016036 | J20: =IF(I20>=0.1,1,0) -> 0 | K20: {=IF(D20="Gadget",_xlfn.IFS(I20>=0.2,0.5,I20>=0.1,0.35,I20>=0.05,0.2,TRUE,0),IF(D20="Grenade",_xlfn.IFS(I20>=0.2,1,I20>=0.1,0.7,I20>=0.05,0.4,TRUE,0),0))} -> 0.2 | L20: =IF($K20=0,0,$K20 / SUMIFS($K:$K,$A:$A,$A20,$D:$D,"Gadget")) -> 1
A21: {=IFERROR(INDEX(_xlfn._xlws.FILTER(Class_Players!A:A,Class_Players!B:B="Engineer"),QUOTIENT(ROW()-ROW($A$2),12)+1),"")} -> Samyt4040 | B21: =_xlfn.XLOOKUP(A21,Class_Players!$A:$A,Class_Players!$B:$B,"") -> Engineer | C21: {=INDEX(Lookups!$B$2:$B$13,MOD(ROW()-ROW($B$2),ROWS(Lookups!$B$2:$B$13))+1)} -> PTKM-1R (Acoustic Sensor AV Mine) | D21: =_xlfn.XLOOKUP(C21,Analysis_Gadgets!$C:$C,Analysis_Gadgets!$B:$B) -> Gadget | E21: 10 | F21: =_xlfn.XLOOKUP(A21,Class_Players!A:A,Class_Players!G:G) -> 145 | G21: =IF(F21=0,"",E21/(F21)) -> 0.068965517 | H21: =_xlfn.XLOOKUP(A21,Class_Players!$A:$A,Class_Players!$F:$F,"") -> 18459 | I21: =IF(H21=0,"",E21/H21) -> 0.00054174116 | J21: =IF(I21>=0.1,1,0) -> 0 | K21: {=IF(D21="Gadget",_xlfn.IFS(I21>=0.2,0.5,I21>=0.1,0.35,I21>=0.05,0.2,TRUE,0),IF(D21="Grenade",_xlfn.IFS(I21>=0.2,1,I21>=0.1,0.7,I21>=0.05,0.4,TRUE,0),0))} -> 0 | L21: =IF($K21=0,0,$K21 / SUMIFS($K:$K,$A:$A,$A21,$D:$D,"Gadget")) -> 0
A22: {=IFERROR(INDEX(_xlfn._xlws.FILTER(Class_Players!A:A,Class_Players!B:B="Engineer"),QUOTIENT(ROW()-ROW($A$2),12)+1),"")} -> Samyt4040 | B22: =_xlfn.XLOOKUP(A22,Class_Players!$A:$A,Class_Players!$B:$B,"") -> Engineer | C22: {=INDEX(Lookups!$B$2:$B$13,MOD(ROW()-ROW($B$2),ROWS(Lookups!$B$2:$B$13))+1)} -> EOD Bot | D22: =_xlfn.XLOOKUP(C22,Analysis_Gadgets!$C:$C,Analysis_Gadgets!$B:$B) -> Gadget | E22: 0 | F22: =_xlfn.XLOOKUP(A22,Class_Players!A:A,Class_Players!G:G) -> 145 | G22: =IF(F22=0,"",E22/(F22)) -> 0 | H22: =_xlfn.XLOOKUP(A22,Class_Players!$A:$A,Class_Players!$F:$F,"") -> 18459 | I22: =IF(H22=0,"",E22/H22) -> 0 | J22: =IF(I22>=0.1,1,0) -> 0 | K22: {=IF(D22="Gadget",_xlfn.IFS(I22>=0.2,0.5,I22>=0.1,0.35,I22>=0.05,0.2,TRUE,0),IF(D22="Grenade",_xlfn.IFS(I22>=0.2,1,I22>=0.1,0.7,I22>=0.05,0.4,TRUE,0),0))} -> 0 | L22: =IF($K22=0,0,$K22 / SUMIFS($K:$K,$A:$A,$A22,$D:$D,"Gadget")) -> 0
A23: {=IFERROR(INDEX(_xlfn._xlws.FILTER(Class_Players!A:A,Class_Players!B:B="Engineer"),QUOTIENT(ROW()-ROW($A$2),12)+1),"")} -> Samyt4040 | B23: =_xlfn.XLOOKUP(A23,Class_Players!$A:$A,Class_Players!$B:$B,"") -> Engineer | C23: {=INDEX(Lookups!$B$2:$B$13,MOD(ROW()-ROW($B$2),ROWS(Lookups!$B$2:$B$13))+1)} -> M4A1 SLAM (Tripwire Sensor AV Mine) | D23: =_xlfn.XLOOKUP(C23,Analysis_Gadgets!$C:$C,Analysis_Gadgets!$B:$B) -> Gadget | E23: 0 | F23: =_xlfn.XLOOKUP(A23,Class_Players!A:A,Class_Players!G:G) -> 145 | G23: =IF(F23=0,"",E23/(F23)) -> 0 | H23: =_xlfn.XLOOKUP(A23,Class_Players!$A:$A,Class_Players!$F:$F,"") -> 18459 | I23: =IF(H23=0,"",E23/H23) -> 0 | J23: =IF(I23>=0.1,1,0) -> 0 | K23: {=IF(D23="Gadget",_xlfn.IFS(I23>=0.2,0.5,I23>=0.1,0.35,I23>=0.05,0.2,TRUE,0),IF(D23="Grenade",_xlfn.IFS(I23>=0.2,1,I23>=0.1,0.7,I23>=0.05,0.4,TRUE,0),0))} -> 0 | L23: =IF($K23=0,0,$K23 / SUMIFS($K:$K,$A:$A,$A23,$D:$D,"Gadget")) -> 0
A24: {=IFERROR(INDEX(_xlfn._xlws.FILTER(Class_Players!A:A,Class_Players!B:B="Engineer"),QUOTIENT(ROW()-ROW($A$2),12)+1),"")} -> Samyt4040 | B24: =_xlfn.XLOOKUP(A24,Class_Players!$A:$A,Class_Players!$B:$B,"") -> Engineer | C24: {=INDEX(Lookups!$B$2:$B$13,MOD(ROW()-ROW($B$2),ROWS(Lookups!$B$2:$B$13))+1)} -> Mini Frag Grenade | D24: =_xlfn.XLOOKUP(C24,Analysis_Gadgets!$C:$C,Analysis_Gadgets!$B:$B) -> Grenade | E24: 3 | F24: =_xlfn.XLOOKUP(A24,Class_Players!A:A,Class_Players!G:G) -> 145 | G24: =IF(F24=0,"",E24/(F24)) -> 0.020689655 | H24: =_xlfn.XLOOKUP(A24,Class_Players!$A:$A,Class_Players!$F:$F,"") -> 18459 | I24: =IF(H24=0,"",E24/H24) -> 0.00016252235 | J24: =IF(I24>=0.1,1,0) -> 0 | K24: {=IF(D24="Gadget",_xlfn.IFS(I24>=0.2,0.5,I24>=0.1,0.35,I24>=0.05,0.2,TRUE,0),IF(D24="Grenade",_xlfn.IFS(I24>=0.2,1,I24>=0.1,0.7,I24>=0.05,0.4,TRUE,0),0))} -> 0 | L24: =IF($K24=0,0,$K24 / SUMIFS($K:$K,$A:$A,$A24,$D:$D,"Grenade")) -> 0
A25: {=IFERROR(INDEX(_xlfn._xlws.FILTER(Class_Players!A:A,Class_Players!B:B="Engineer"),QUOTIENT(ROW()-ROW($A$2),12)+1),"")} -> Samyt4040 | B25: =_xlfn.XLOOKUP(A25,Class_Players!$A:$A,Class_Players!$B:$B,"") -> Engineer | C25: {=INDEX(Lookups!$B$2:$B$13,MOD(ROW()-ROW($B$2),ROWS(Lookups!$B$2:$B$13))+1)} -> Anti-Vehicle Grenade | D25: =_xlfn.XLOOKUP(C25,Analysis_Gadgets!$C:$C,Analysis_Gadgets!$B:$B) -> Grenade | E25: 0 | F25: =_xlfn.XLOOKUP(A25,Class_Players!A:A,Class_Players!G:G) -> 145 | G25: =IF(F25=0,"",E25/(F25)) -> 0 | H25: =_xlfn.XLOOKUP(A25,Class_Players!$A:$A,Class_Players!$F:$F,"") -> 18459 | I25: =IF(H25=0,"",E25/H25) -> 0 | J25: =IF(I25>=0.1,1,0) -> 0 | K25: {=IF(D25="Gadget",_xlfn.IFS(I25>=0.2,0.5,I25>=0.1,0.35,I25>=0.05,0.2,TRUE,0),IF(D25="Grenade",_xlfn.IFS(I25>=0.2,1,I25>=0.1,0.7,I25>=0.05,0.4,TRUE,0),0))} -> 0 | L25: =IF($K25=0,0,$K25 / SUMIFS($K:$K,$A:$A,$A25,$D:$D,"Grenade")) -> 0
A26: {=IFERROR(INDEX(_xlfn._xlws.FILTER(Class_Players!A:A,Class_Players!B:B="Engineer"),QUOTIENT(ROW()-ROW($A$2),12)+1),"")} -> Dc-Duck | B26: =_xlfn.XLOOKUP(A26,Class_Players!$A:$A,Class_Players!$B:$B,"") -> Engineer | C26: {=INDEX(Lookups!$B$2:$B$13,MOD(ROW()-ROW($B$2),ROWS(Lookups!$B$2:$B$13))+1)} -> MBT-LAW (Auto-Guided Launcher) | D26: =_xlfn.XLOOKUP(C26,Analysis_Gadgets!$C:$C,Analysis_Gadgets!$B:$B) -> Gadget | E26: 0 | F26: =_xlfn.XLOOKUP(A26,Class_Players!A:A,Class_Players!G:G) -> 399 | G26: =IF(F26=0,"",E26/(F26)) -> 0 | H26: =_xlfn.XLOOKUP(A26,Class_Players!$A:$A,Class_Players!$F:$F,"") -> 16655 | I26: =IF(H26=0,"",E26/H26) -> 0 | J26: =IF(I26>=0.1,1,0) -> 0 | K26: {=IF(D26="Gadget",_xlfn.IFS(I26>=0.2,0.5,I26>=0.1,0.35,I26>=0.05,0.2,TRUE,0),IF(D26="Grenade",_xlfn.IFS(I26>=0.2,1,I26>=0.1,0.7,I26>=0.05,0.4,TRUE,0),0))} -> 0 | L26: =IF($K26=0,0,$K26 / SUMIFS($K:$K,$A:$A,$A26,$D:$D,"Gadget")) -> 0
A27: {=IFERROR(INDEX(_xlfn._xlws.FILTER(Class_Players!A:A,Class_Players!B:B="Engineer"),QUOTIENT(ROW()-ROW($A$2),12)+1),"")} -> Dc-Duck | B27: =_xlfn.XLOOKUP(A27,Class_Players!$A:$A,Class_Players!$B:$B,"") -> Engineer | C27: {=INDEX(Lookups!$B$2:$B$13,MOD(ROW()-ROW($B$2),ROWS(Lookups!$B$2:$B$13))+1)} -> SLM-93A (Air-Defense Launcher) | D27: =_xlfn.XLOOKUP(C27,Analysis_Gadgets!$C:$C,Analysis_Gadgets!$B:$B) -> Gadget | E27: 0 | F27: =_xlfn.XLOOKUP(A27,Class_Players!A:A,Class_Players!G:G) -> 399 | G27: =IF(F27=0,"",E27/(F27)) -> 0 | H27: =_xlfn.XLOOKUP(A27,Class_Players!$A:$A,Class_Players!$F:$F,"") -> 16655 | I27: =IF(H27=0,"",E27/H27) -> 0 | J27: =IF(I27>=0.1,1,0) -> 0 | K27: {=IF(D27="Gadget",_xlfn.IFS(I27>=0.2,0.5,I27>=0.1,0.35,I27>=0.05,0.2,TRUE,0),IF(D27="Grenade",_xlfn.IFS(I27>=0.2,1,I27>=0.1,0.7,I27>=0.05,0.4,TRUE,0),0))} -> 0 | L27: =IF($K27=0,0,$K27 / SUMIFS($K:$K,$A:$A,$A27,$D:$D,"Gadget")) -> 0
A28: {=IFERROR(INDEX(_xlfn._xlws.FILTER(Class_Players!A:A,Class_Players!B:B="Engineer"),QUOTIENT(ROW()-ROW($A$2),12)+1),"")} -> Dc-Duck | B28: =_xlfn.XLOOKUP(A28,Class_Players!$A:$A,Class_Players!$B:$B,"") -> Engineer | C28: {=INDEX(Lookups!$B$2:$B$13,MOD(ROW()-ROW($B$2),ROWS(Lookups!$B$2:$B$13))+1)} -> RPG-7V2 (Unguided Rocket Launcher) | D28: =_xlfn.XLOOKUP(C28,Analysis_Gadgets!$C:$C,Analysis_Gadgets!$B:$B) -> Gadget | E28: 16367 | F28: =_xlfn.XLOOKUP(A28,Class_Players!A:A,Class_Players!G:G) -> 399 | G28: =IF(F28=0,"",E28/(F28)) -> 41.02005 | H28: =_xlfn.XLOOKUP(A28,Class_Players!$A:$A,Class_Players!$F:$F,"") -> 16655 | I28: =IF(H28=0,"",E28/H28) -> 0.9827079 | J28: =IF(I28>=0.1,1,0) -> 1 | K28: {=IF(D28="Gadget",_xlfn.IFS(I28>=0.2,0.5,I28>=0.1,0.35,I28>=0.05,0.2,TRUE,0),IF(D28="Grenade",_xlfn.IFS(I28>=0.2,1,I28>=0.1,0.7,I28>=0.05,0.4,TRUE,0),0))} -> 0.5 | L28: =IF($K28=0,0,$K28 / SUMIFS($K:$K,$A:$A,$A28,$D:$D,"Gadget")) -> 0.5
A29: {=IFERROR(INDEX(_xlfn._xlws.FILTER(Class_Players!A:A,Class_Players!B:B="Engineer"),QUOTIENT(ROW()-ROW($A$2),12)+1),"")} -> Dc-Duck | B29: =_xlfn.XLOOKUP(A29,Class_Players!$A:$A,Class_Players!$B:$B,"") -> Engineer | C29: {=INDEX(Lookups!$B$2:$B$13,MOD(ROW()-ROW($B$2),ROWS(Lookups!$B$2:$B$13))+1)} -> MAS 148 (Long-Range Launcher) | D29: =_xlfn.XLOOKUP(C29,Analysis_Gadgets!$C:$C,Analysis_Gadgets!$B:$B) -> Gadget | E29: 0 | F29: =_xlfn.XLOOKUP(A29,Class_Players!A:A,Class_Players!G:G) -> 399 | G29: =IF(F29=0,"",E29/(F29)) -> 0 | H29: =_xlfn.XLOOKUP(A29,Class_Players!$A:$A,Class_Players!$F:$F,"") -> 16655 | I29: =IF(H29=0,"",E29/H29) -> 0 | J29: =IF(I29>=0.1,1,0) -> 0 | K29: {=IF(D29="Gadget",_xlfn.IFS(I29>=0.2,0.5,I29>=0.1,0.35,I29>=0.05,0.2,TRUE,0),IF(D29="Grenade",_xlfn.IFS(I29>=0.2,1,I29>=0.1,0.7,I29>=0.05,0.4,TRUE,0),0))} -> 0 | L29: =IF($K29=0,0,$K29 / SUMIFS($K:$K,$A:$A,$A29,$D:$D,"Gadget")) -> 0
A30: {=IFERROR(INDEX(_xlfn._xlws.FILTER(Class_Players!A:A,Class_Players!B:B="Engineer"),QUOTIENT(ROW()-ROW($A$2),12)+1),"")} -> Dc-Duck | B30: =_xlfn.XLOOKUP(A30,Class_Players!$A:$A,Class_Players!$B:$B,"") -> Engineer | C30: {=INDEX(Lookups!$B$2:$B$13,MOD(ROW()-ROW($B$2),ROWS(Lookups!$B$2:$B$13))+1)} -> M136 AT (Aim-Guided Launcher) | D30: =_xlfn.XLOOKUP(C30,Analysis_Gadgets!$C:$C,Analysis_Gadgets!$B:$B) -> Gadget | E30: 3 | F30: =_xlfn.XLOOKUP(A30,Class_Players!A:A,Class_Players!G:G) -> 399 | G30: =IF(F30=0,"",E30/(F30)) -> 0.007518797 | H30: =_xlfn.XLOOKUP(A30,Class_Players!$A:$A,Class_Players!$F:$F,"") -> 16655 | I30: =IF(H30=0,"",E30/H30) -> 0.00018012609 | J30: =IF(I30>=0.1,1,0) -> 0 | K30: {=IF(D30="Gadget",_xlfn.IFS(I30>=0.2,0.5,I30>=0.1,0.35,I30>=0.05,0.2,TRUE,0),IF(D30="Grenade",_xlfn.IFS(I30>=0.2,1,I30>=0.1,0.7,I30>=0.05,0.4,TRUE,0),0))} -> 0 | L30: =IF($K30=0,0,$K30 / SUMIFS($K:$K,$A:$A,$A30,$D:$D,"Gadget")) -> 0
A31: {=IFERROR(INDEX(_xlfn._xlws.FILTER(Class_Players!A:A,Class_Players!B:B="Engineer"),QUOTIENT(ROW()-ROW($A$2),12)+1),"")} -> Dc-Duck | B31: =_xlfn.XLOOKUP(A31,Class_Players!$A:$A,Class_Players!$B:$B,"") -> Engineer | C31: {=INDEX(Lookups!$B$2:$B$13,MOD(ROW()-ROW($B$2),ROWS(Lookups!$B$2:$B$13))+1)} -> Supply Crate | D31: =_xlfn.XLOOKUP(C31,Analysis_Gadgets!$C:$C,Analysis_Gadgets!$B:$B) -> Gadget | E31: 17 | F31: =_xlfn.XLOOKUP(A31,Class_Players!A:A,Class_Players!G:G) -> 399 | G31: =IF(F31=0,"",E31/(F31)) -> 0.042606516 | H31: =_xlfn.XLOOKUP(A31,Class_Players!$A:$A,Class_Players!$F:$F,"") -> 16655 | I31: =IF(H31=0,"",E31/H31) -> 0.0010207145 | J31: =IF(I31>=0.1,1,0) -> 0 | K31: {=IF(D31="Gadget",_xlfn.IFS(I31>=0.2,0.5,I31>=0.1,0.35,I31>=0.05,0.2,TRUE,0),IF(D31="Grenade",_xlfn.IFS(I31>=0.2,1,I31>=0.1,0.7,I31>=0.05,0.4,TRUE,0),0))} -> 0 | L31: =IF($K31=0,0,$K31 / SUMIFS($K:$K,$A:$A,$A31,$D:$D,"Gadget")) -> 0
A32: {=IFERROR(INDEX(_xlfn._xlws.FILTER(Class_Players!A:A,Class_Players!B:B="Engineer"),QUOTIENT(ROW()-ROW($A$2),12)+1),"")} -> Dc-Duck | B32: =_xlfn.XLOOKUP(A32,Class_Players!$A:$A,Class_Players!$B:$B,"") -> Engineer | C32: {=INDEX(Lookups!$B$2:$B$13,MOD(ROW()-ROW($B$2),ROWS(Lookups!$B$2:$B$13))+1)} -> M15 (Anti-Vehicle Mine) | D32: =_xlfn.XLOOKUP(C32,Analysis_Gadgets!$C:$C,Analysis_Gadgets!$B:$B) -> Gadget | E32: 4880 | F32: =_xlfn.XLOOKUP(A32,Class_Players!A:A,Class_Players!G:G) -> 399 | G32: =IF(F32=0,"",E32/(F32)) -> 12.230576 | H32: =_xlfn.XLOOKUP(A32,Class_Players!$A:$A,Class_Players!$F:$F,"") -> 16655 | I32: =IF(H32=0,"",E32/H32) -> 0.2930051 | J32: =IF(I32>=0.1,1,0) -> 1 | K32: {=IF(D32="Gadget",_xlfn.IFS(I32>=0.2,0.5,I32>=0.1,0.35,I32>=0.05,0.2,TRUE,0),IF(D32="Grenade",_xlfn.IFS(I32>=0.2,1,I32>=0.1,0.7,I32>=0.05,0.4,TRUE,0),0))} -> 0.5 | L32: =IF($K32=0,0,$K32 / SUMIFS($K:$K,$A:$A,$A32,$D:$D,"Gadget")) -> 0.5
A33: {=IFERROR(INDEX(_xlfn._xlws.FILTER(Class_Players!A:A,Class_Players!B:B="Engineer"),QUOTIENT(ROW()-ROW($A$2),12)+1),"")} -> Dc-Duck | B33: =_xlfn.XLOOKUP(A33,Class_Players!$A:$A,Class_Players!$B:$B,"") -> Engineer | C33: {=INDEX(Lookups!$B$2:$B$13,MOD(ROW()-ROW($B$2),ROWS(Lookups!$B$2:$B$13))+1)} -> PTKM-1R (Acoustic Sensor AV Mine) | D33: =_xlfn.XLOOKUP(C33,Analysis_Gadgets!$C:$C,Analysis_Gadgets!$B:$B) -> Gadget | E33: 8 | F33: =_xlfn.XLOOKUP(A33,Class_Players!A:A,Class_Players!G:G) -> 399 | G33: =IF(F33=0,"",E33/(F33)) -> 0.020050125 | H33: =_xlfn.XLOOKUP(A33,Class_Players!$A:$A,Class_Players!$F:$F,"") -> 16655 | I33: =IF(H33=0,"",E33/H33) -> 0.00048033624 | J33: =IF(I33>=0.1,1,0) -> 0 | K33: {=IF(D33="Gadget",_xlfn.IFS(I33>=0.2,0.5,I33>=0.1,0.35,I33>=0.05,0.2,TRUE,0),IF(D33="Grenade",_xlfn.IFS(I33>=0.2,1,I33>=0.1,0.7,I33>=0.05,0.4,TRUE,0),0))} -> 0 | L33: =IF($K33=0,0,$K33 / SUMIFS($K:$K,$A:$A,$A33,$D:$D,"Gadget")) -> 0
A34: {=IFERROR(INDEX(_xlfn._xlws.FILTER(Class_Players!A:A,Class_Players!B:B="Engineer"),QUOTIENT(ROW()-ROW($A$2),12)+1),"")} -> Dc-Duck | B34: =_xlfn.XLOOKUP(A34,Class_Players!$A:$A,Class_Players!$B:$B,"") -> Engineer | C34: {=INDEX(Lookups!$B$2:$B$13,MOD(ROW()-ROW($B$2),ROWS(Lookups!$B$2:$B$13))+1)} -> EOD Bot | D34: =_xlfn.XLOOKUP(C34,Analysis_Gadgets!$C:$C,Analysis_Gadgets!$B:$B) -> Gadget | E34: 6 | F34: =_xlfn.XLOOKUP(A34,Class_Players!A:A,Class_Players!G:G) -> 399 | G34: =IF(F34=0,"",E34/(F34)) -> 0.015037594 | H34: =_xlfn.XLOOKUP(A34,Class_Players!$A:$A,Class_Players!$F:$F,"") -> 16655 | I34: =IF(H34=0,"",E34/H34) -> 0.00036025218 | J34: =IF(I34>=0.1,1,0) -> 0 | K34: {=IF(D34="Gadget",_xlfn.IFS(I34>=0.2,0.5,I34>=0.1,0.35,I34>=0.05,0.2,TRUE,0),IF(D34="Grenade",_xlfn.IFS(I34>=0.2,1,I34>=0.1,0.7,I34>=0.05,0.4,TRUE,0),0))} -> 0 | L34: =IF($K34=0,0,$K34 / SUMIFS($K:$K,$A:$A,$A34,$D:$D,"Gadget")) -> 0
A35: {=IFERROR(INDEX(_xlfn._xlws.FILTER(Class_Players!A:A,Class_Players!B:B="Engineer"),QUOTIENT(ROW()-ROW($A$2),12)+1),"")} -> Dc-Duck | B35: =_xlfn.XLOOKUP(A35,Class_Players!$A:$A,Class_Players!$B:$B,"") -> Engineer | C35: {=INDEX(Lookups!$B$2:$B$13,MOD(ROW()-ROW($B$2),ROWS(Lookups!$B$2:$B$13))+1)} -> M4A1 SLAM (Tripwire Sensor AV Mine) | D35: =_xlfn.XLOOKUP(C35,Analysis_Gadgets!$C:$C,Analysis_Gadgets!$B:$B) -> Gadget | E35: 0 | F35: =_xlfn.XLOOKUP(A35,Class_Players!A:A,Class_Players!G:G) -> 399 | G35: =IF(F35=0,"",E35/(F35)) -> 0 | H35: =_xlfn.XLOOKUP(A35,Class_Players!$A:$A,Class_Players!$F:$F,"") -> 16655 | I35: =IF(H35=0,"",E35/H35) -> 0 | J35: =IF(I35>=0.1,1,0) -> 0 | K35: {=IF(D35="Gadget",_xlfn.IFS(I35>=0.2,0.5,I35>=0.1,0.35,I35>=0.05,0.2,TRUE,0),IF(D35="Grenade",_xlfn.IFS(I35>=0.2,1,I35>=0.1,0.7,I35>=0.05,0.4,TRUE,0),0))} -> 0 | L35: =IF($K35=0,0,$K35 / SUMIFS($K:$K,$A:$A,$A35,$D:$D,"Gadget")) -> 0
A36: {=IFERROR(INDEX(_xlfn._xlws.FILTER(Class_Players!A:A,Class_Players!B:B="Engineer"),QUOTIENT(ROW()-ROW($A$2),12)+1),"")} -> Dc-Duck | B36: =_xlfn.XLOOKUP(A36,Class_Players!$A:$A,Class_Players!$B:$B,"") -> Engineer | C36: {=INDEX(Lookups!$B$2:$B$13,MOD(ROW()-ROW($B$2),ROWS(Lookups!$B$2:$B$13))+1)} -> Mini Frag Grenade | D36: =_xlfn.XLOOKUP(C36,Analysis_Gadgets!$C:$C,Analysis_Gadgets!$B:$B) -> Grenade | E36: 3 | F36: =_xlfn.XLOOKUP(A36,Class_Players!A:A,Class_Players!G:G) -> 399 | G36: =IF(F36=0,"",E36/(F36)) -> 0.007518797 | H36: =_xlfn.XLOOKUP(A36,Class_Players!$A:$A,Class_Players!$F:$F,"") -> 16655 | I36: =IF(H36=0,"",E36/H36) -> 0.00018012609 | J36: =IF(I36>=0.1,1,0) -> 0 | K36: {=IF(D36="Gadget",_xlfn.IFS(I36>=0.2,0.5,I36>=0.1,0.35,I36>=0.05,0.2,TRUE,0),IF(D36="Grenade",_xlfn.IFS(I36>=0.2,1,I36>=0.1,0.7,I36>=0.05,0.4,TRUE,0),0))} -> 0 | L36: =IF($K36=0,0,$K36 / SUMIFS($K:$K,$A:$A,$A36,$D:$D,"Grenade")) -> 0
A37: {=IFERROR(INDEX(_xlfn._xlws.FILTER(Class_Players!A:A,Class_Players!B:B="Engineer"),QUOTIENT(ROW()-ROW($A$2),12)+1),"")} -> Dc-Duck | B37: =_xlfn.XLOOKUP(A37,Class_Players!$A:$A,Class_Players!$B:$B,"") -> Engineer | C37: {=INDEX(Lookups!$B$2:$B$13,MOD(ROW()-ROW($B$2),ROWS(Lookups!$B$2:$B$13))+1)} -> Anti-Vehicle Grenade | D37: =_xlfn.XLOOKUP(C37,Analysis_Gadgets!$C:$C,Analysis_Gadgets!$B:$B) -> Grenade | E37: 0 | F37: =_xlfn.XLOOKUP(A37,Class_Players!A:A,Class_Players!G:G) -> 399 | G37: =IF(F37=0,"",E37/(F37)) -> 0 | H37: =_xlfn.XLOOKUP(A37,Class_Players!$A:$A,Class_Players!$F:$F,"") -> 16655 | I37: =IF(H37=0,"",E37/H37) -> 0 | J37: =IF(I37>=0.1,1,0) -> 0 | K37: {=IF(D37="Gadget",_xlfn.IFS(I37>=0.2,0.5,I37>=0.1,0.35,I37>=0.05,0.2,TRUE,0),IF(D37="Grenade",_xlfn.IFS(I37>=0.2,1,I37>=0.1,0.7,I37>=0.05,0.4,TRUE,0),0))} -> 0 | L37: =IF($K37=0,0,$K37 / SUMIFS($K:$K,$A:$A,$A37,$D:$D,"Grenade")) -> 0
A38: {=IFERROR(INDEX(_xlfn._xlws.FILTER(Class_Players!A:A,Class_Players!B:B="Engineer"),QUOTIENT(ROW()-ROW($A$2),12)+1),"")} -> BIGBaNANaBender | B38: =_xlfn.XLOOKUP(A38,Class_Players!$A:$A,Class_Players!$B:$B,"") -> Engineer | C38: {=INDEX(Lookups!$B$2:$B$13,MOD(ROW()-ROW($B$2),ROWS(Lookups!$B$2:$B$13))+1)} -> MBT-LAW (Auto-Guided Launcher) | D38: =_xlfn.XLOOKUP(C38,Analysis_Gadgets!$C:$C,Analysis_Gadgets!$B:$B) -> Gadget | E38: 0 | F38: =_xlfn.XLOOKUP(A38,Class_Players!A:A,Class_Players!G:G) -> 310 | G38: =IF(F38=0,"",E38/(F38)) -> 0 | H38: =_xlfn.XLOOKUP(A38,Class_Players!$A:$A,Class_Players!$F:$F,"") -> 15761 | I38: =IF(H38=0,"",E38/H38) -> 0 | J38: =IF(I38>=0.1,1,0) -> 0 | K38: {=IF(D38="Gadget",_xlfn.IFS(I38>=0.2,0.5,I38>=0.1,0.35,I38>=0.05,0.2,TRUE,0),IF(D38="Grenade",_xlfn.IFS(I38>=0.2,1,I38>=0.1,0.7,I38>=0.05,0.4,TRUE,0),0))} -> 0 | L38: =IF($K38=0,0,$K38 / SUMIFS($K:$K,$A:$A,$A38,$D:$D,"Gadget")) -> 0
A39: {=IFERROR(INDEX(_xlfn._xlws.FILTER(Class_Players!A:A,Class_Players!B:B="Engineer"),QUOTIENT(ROW()-ROW($A$2),12)+1),"")} -> BIGBaNANaBender | B39: =_xlfn.XLOOKUP(A39,Class_Players!$A:$A,Class_Players!$B:$B,"") -> Engineer | C39: {=INDEX(Lookups!$B$2:$B$13,MOD(ROW()-ROW($B$2),ROWS(Lookups!$B$2:$B$13))+1)} -> SLM-93A (Air-Defense Launcher) | D39: =_xlfn.XLOOKUP(C39,Analysis_Gadgets!$C:$C,Analysis_Gadgets!$B:$B) -> Gadget | E39: 1 | F39: =_xlfn.XLOOKUP(A39,Class_Players!A:A,Class_Players!G:G) -> 310 | G39: =IF(F39=0,"",E39/(F39)) -> 0.0032258065 | H39: =_xlfn.XLOOKUP(A39,Class_Players!$A:$A,Class_Players!$F:$F,"") -> 15761 | I39: =IF(H39=0,"",E39/H39) -> 6.3447751e-05 | J39: =IF(I39>=0.1,1,0) -> 0 | K39: {=IF(D39="Gadget",_xlfn.IFS(I39>=0.2,0.5,I39>=0.1,0.35,I39>=0.05,0.2,TRUE,0),IF(D39="Grenade",_xlfn.IFS(I39>=0.2,1,I39>=0.1,0.7,I39>=0.05,0.4,TRUE,0),0))} -> 0 | L39: =IF($K39=0,0,$K39 / SUMIFS($K:$K,$A:$A,$A39,$D:$D,"Gadget")) -> 0
A40: {=IFERROR(INDEX(_xlfn._xlws.FILTER(Class_Players!A:A,Class_Players!B:B="Engineer"),QUOTIENT(ROW()-ROW($A$2),12)+1),"")} -> BIGBaNANaBender | B40: =_xlfn.XLOOKUP(A40,Class_Players!$A:$A,Class_Players!$B:$B,"") -> Engineer | C40: {=INDEX(Lookups!$B$2:$B$13,MOD(ROW()-ROW($B$2),ROWS(Lookups!$B$2:$B$13))+1)} -> RPG-7V2 (Unguided Rocket Launcher) | D40: =_xlfn.XLOOKUP(C40,Analysis_Gadgets!$C:$C,Analysis_Gadgets!$B:$B) -> Gadget | E40: 13819 | F40: =_xlfn.XLOOKUP(A40,Class_Players!A:A,Class_Players!G:G) -> 310 | G40: =IF(F40=0,"",E40/(F40)) -> 44.577419 | H40: =_xlfn.XLOOKUP(A40,Class_Players!$A:$A,Class_Players!$F:$F,"") -> 15761 | I40: =IF(H40=0,"",E40/H40) -> 0.87678447 | J40: =IF(I40>=0.1,1,0) -> 1 | K40: {=IF(D40="Gadget",_xlfn.IFS(I40>=0.2,0.5,I40>=0.1,0.35,I40>=0.05,0.2,TRUE,0),IF(D40="Grenade",_xlfn.IFS(I40>=0.2,1,I40>=0.1,0.7,I40>=0.05,0.4,TRUE,0),0))} -> 0.5 | L40: =IF($K40=0,0,$K40 / SUMIFS($K:$K,$A:$A,$A40,$D:$D,"Gadget")) -> 0.5
A41: {=IFERROR(INDEX(_xlfn._xlws.FILTER(Class_Players!A:A,Class_Players!B:B="Engineer"),QUOTIENT(ROW()-ROW($A$2),12)+1),"")} -> BIGBaNANaBender | B41: =_xlfn.XLOOKUP(A41,Class_Players!$A:$A,Class_Players!$B:$B,"") -> Engineer | C41: {=INDEX(Lookups!$B$2:$B$13,MOD(ROW()-ROW($B$2),ROWS(Lookups!$B$2:$B$13))+1)} -> MAS 148 (Long-Range Launcher) | D41: =_xlfn.XLOOKUP(C41,Analysis_Gadgets!$C:$C,Analysis_Gadgets!$B:$B) -> Gadget | E41: 0 | F41: =_xlfn.XLOOKUP(A41,Class_Players!A:A,Class_Players!G:G) -> 310 | G41: =IF(F41=0,"",E41/(F41)) -> 0 | H41: =_xlfn.XLOOKUP(A41,Class_Players!$A:$A,Class_Players!$F:$F,"") -> 15761 | I41: =IF(H41=0,"",E41/H41) -> 0 | J41: =IF(I41>=0.1,1,0) -> 0 | K41: {=IF(D41="Gadget",_xlfn.IFS(I41>=0.2,0.5,I41>=0.1,0.35,I41>=0.05,0.2,TRUE,0),IF(D41="Grenade",_xlfn.IFS(I41>=0.2,1,I41>=0.1,0.7,I41>=0.05,0.4,TRUE,0),0))} -> 0 | L41: =IF($K41=0,0,$K41 / SUMIFS($K:$K,$A:$A,$A41,$D:$D,"Gadget")) -> 0
A42: {=IFERROR(INDEX(_xlfn._xlws.FILTER(Class_Players!A:A,Class_Players!B:B="Engineer"),QUOTIENT(ROW()-ROW($A$2),12)+1),"")} -> BIGBaNANaBender | B42: =_xlfn.XLOOKUP(A42,Class_Players!$A:$A,Class_Players!$B:$B,"") -> Engineer | C42: {=INDEX(Lookups!$B$2:$B$13,MOD(ROW()-ROW($B$2),ROWS(Lookups!$B$2:$B$13))+1)} -> M136 AT (Aim-Guided Launcher) | D42: =_xlfn.XLOOKUP(C42,Analysis_Gadgets!$C:$C,Analysis_Gadgets!$B:$B) -> Gadget | E42: 583 | F42: =_xlfn.XLOOKUP(A42,Class_Players!A:A,Class_Players!G:G) -> 310 | G42: =IF(F42=0,"",E42/(F42)) -> 1.8806452 | H42: =_xlfn.XLOOKUP(A42,Class_Players!$A:$A,Class_Players!$F:$F,"") -> 15761 | I42: =IF(H42=0,"",E42/H42) -> 0.036990039 | J42: =IF(I42>=0.1,1,0) -> 0 | K42: {=IF(D42="Gadget",_xlfn.IFS(I42>=0.2,0.5,I42>=0.1,0.35,I42>=0.05,0.2,TRUE,0),IF(D42="Grenade",_xlfn.IFS(I42>=0.2,1,I42>=0.1,0.7,I42>=0.05,0.4,TRUE,0),0))} -> 0 | L42: =IF($K42=0,0,$K42 / SUMIFS($K:$K,$A:$A,$A42,$D:$D,"Gadget")) -> 0
A43: {=IFERROR(INDEX(_xlfn._xlws.FILTER(Class_Players!A:A,Class_Players!B:B="Engineer"),QUOTIENT(ROW()-ROW($A$2),12)+1),"")} -> BIGBaNANaBender | B43: =_xlfn.XLOOKUP(A43,Class_Players!$A:$A,Class_Players!$B:$B,"") -> Engineer | C43: {=INDEX(Lookups!$B$2:$B$13,MOD(ROW()-ROW($B$2),ROWS(Lookups!$B$2:$B$13))+1)} -> Supply Crate | D43: =_xlfn.XLOOKUP(C43,Analysis_Gadgets!$C:$C,Analysis_Gadgets!$B:$B) -> Gadget | E43: 6 | F43: =_xlfn.XLOOKUP(A43,Class_Players!A:A,Class_Players!G:G) -> 310 | G43: =IF(F43=0,"",E43/(F43)) -> 0.019354839 | H43: =_xlfn.XLOOKUP(A43,Class_Players!$A:$A,Class_Players!$F:$F,"") -> 15761 | I43: =IF(H43=0,"",E43/H43) -> 0.0003806865 | J43: =IF(I43>=0.1,1,0) -> 0 | K43: {=IF(D43="Gadget",_xlfn.IFS(I43>=0.2,0.5,I43>=0.1,0.35,I43>=0.05,0.2,TRUE,0),IF(D43="Grenade",_xlfn.IFS(I43>=0.2,1,I43>=0.1,0.7,I43>=0.05,0.4,TRUE,0),0))} -> 0 | L43: =IF($K43=0,0,$K43 / SUMIFS($K:$K,$A:$A,$A43,$D:$D,"Gadget")) -> 0
A44: {=IFERROR(INDEX(_xlfn._xlws.FILTER(Class_Players!A:A,Class_Players!B:B="Engineer"),QUOTIENT(ROW()-ROW($A$2),12)+1),"")} -> BIGBaNANaBender | B44: =_xlfn.XLOOKUP(A44,Class_Players!$A:$A,Class_Players!$B:$B,"") -> Engineer | C44: {=INDEX(Lookups!$B$2:$B$13,MOD(ROW()-ROW($B$2),ROWS(Lookups!$B$2:$B$13))+1)} -> M15 (Anti-Vehicle Mine) | D44: =_xlfn.XLOOKUP(C44,Analysis_Gadgets!$C:$C,Analysis_Gadgets!$B:$B) -> Gadget | E44: 9762 | F44: =_xlfn.XLOOKUP(A44,Class_Players!A:A,Class_Players!G:G) -> 310 | G44: =IF(F44=0,"",E44/(F44)) -> 31.490323 | H44: =_xlfn.XLOOKUP(A44,Class_Players!$A:$A,Class_Players!$F:$F,"") -> 15761 | I44: =IF(H44=0,"",E44/H44) -> 0.61937694 | J44: =IF(I44>=0.1,1,0) -> 1 | K44: {=IF(D44="Gadget",_xlfn.IFS(I44>=0.2,0.5,I44>=0.1,0.35,I44>=0.05,0.2,TRUE,0),IF(D44="Grenade",_xlfn.IFS(I44>=0.2,1,I44>=0.1,0.7,I44>=0.05,0.4,TRUE,0),0))} -> 0.5 | L44: =IF($K44=0,0,$K44 / SUMIFS($K:$K,$A:$A,$A44,$D:$D,"Gadget")) -> 0.5
A45: {=IFERROR(INDEX(_xlfn._xlws.FILTER(Class_Players!A:A,Class_Players!B:B="Engineer"),QUOTIENT(ROW()-ROW($A$2),12)+1),"")} -> BIGBaNANaBender | B45: =_xlfn.XLOOKUP(A45,Class_Players!$A:$A,Class_Players!$B:$B,"") -> Engineer | C45: {=INDEX(Lookups!$B$2:$B$13,MOD(ROW()-ROW($B$2),ROWS(Lookups!$B$2:$B$13))+1)} -> PTKM-1R (Acoustic Sensor AV Mine) | D45: =_xlfn.XLOOKUP(C45,Analysis_Gadgets!$C:$C,Analysis_Gadgets!$B:$B) -> Gadget | E45: 9 | F45: =_xlfn.XLOOKUP(A45,Class_Players!A:A,Class_Players!G:G) -> 310 | G45: =IF(F45=0,"",E45/(F45)) -> 0.029032258 | H45: =_xlfn.XLOOKUP(A45,Class_Players!$A:$A,Class_Players!$F:$F,"") -> 15761 | I45: =IF(H45=0,"",E45/H45) -> 0.00057102976 | J45: =IF(I45>=0.1,1,0) -> 0 | K45: {=IF(D45="Gadget",_xlfn.IFS(I45>=0.2,0.5,I45>=0.1,0.35,I45>=0.05,0.2,TRUE,0),IF(D45="Grenade",_xlfn.IFS(I45>=0.2,1,I45>=0.1,0.7,I45>=0.05,0.4,TRUE,0),0))} -> 0 | L45: =IF($K45=0,0,$K45 / SUMIFS($K:$K,$A:$A,$A45,$D:$D,"Gadget")) -> 0
A46: {=IFERROR(INDEX(_xlfn._xlws.FILTER(Class_Players!A:A,Class_Players!B:B="Engineer"),QUOTIENT(ROW()-ROW($A$2),12)+1),"")} -> BIGBaNANaBender | B46: =_xlfn.XLOOKUP(A46,Class_Players!$A:$A,Class_Players!$B:$B,"") -> Engineer | C46: {=INDEX(Lookups!$B$2:$B$13,MOD(ROW()-ROW($B$2),ROWS(Lookups!$B$2:$B$13))+1)} -> EOD Bot | D46: =_xlfn.XLOOKUP(C46,Analysis_Gadgets!$C:$C,Analysis_Gadgets!$B:$B) -> Gadget | E46: 0 | F46: =_xlfn.XLOOKUP(A46,Class_Players!A:A,Class_Players!G:G) -> 310 | G46: =IF(F46=0,"",E46/(F46)) -> 0 | H46: =_xlfn.XLOOKUP(A46,Class_Players!$A:$A,Class_Players!$F:$F,"") -> 15761 | I46: =IF(H46=0,"",E46/H46) -> 0 | J46: =IF(I46>=0.1,1,0) -> 0 | K46: {=IF(D46="Gadget",_xlfn.IFS(I46>=0.2,0.5,I46>=0.1,0.35,I46>=0.05,0.2,TRUE,0),IF(D46="Grenade",_xlfn.IFS(I46>=0.2,1,I46>=0.1,0.7,I46>=0.05,0.4,TRUE,0),0))} -> 0 | L46: =IF($K46=0,0,$K46 / SUMIFS($K:$K,$A:$A,$A46,$D:$D,"Gadget")) -> 0
A47: {=IFERROR(INDEX(_xlfn._xlws.FILTER(Class_Players!A:A,Class_Players!B:B="Engineer"),QUOTIENT(ROW()-ROW($A$2),12)+1),"")} -> BIGBaNANaBender | B47: =_xlfn.XLOOKUP(A47,Class_Players!$A:$A,Class_Players!$B:$B,"") -> Engineer | C47: {=INDEX(Lookups!$B$2:$B$13,MOD(ROW()-ROW($B$2),ROWS(Lookups!$B$2:$B$13))+1)} -> M4A1 SLAM (Tripwire Sensor AV Mine) | D47: =_xlfn.XLOOKUP(C47,Analysis_Gadgets!$C:$C,Analysis_Gadgets!$B:$B) -> Gadget | E47: 0 | F47: =_xlfn.XLOOKUP(A47,Class_Players!A:A,Class_Players!G:G) -> 310 | G47: =IF(F47=0,"",E47/(F47)) -> 0 | H47: =_xlfn.XLOOKUP(A47,Class_Players!$A:$A,Class_Players!$F:$F,"") -> 15761 | I47: =IF(H47=0,"",E47/H47) -> 0 | J47: =IF(I47>=0.1,1,0) -> 0 | K47: {=IF(D47="Gadget",_xlfn.IFS(I47>=0.2,0.5,I47>=0.1,0.35,I47>=0.05,0.2,TRUE,0),IF(D47="Grenade",_xlfn.IFS(I47>=0.2,1,I47>=0.1,0.7,I47>=0.05,0.4,TRUE,0),0))} -> 0 | L47: =IF($K47=0,0,$K47 / SUMIFS($K:$K,$A:$A,$A47,$D:$D,"Gadget")) -> 0
